"","eventid","iyear","country_txt","region_txt","pop.that.year","Rel.CS","inUC","aroundUC","Rank01.C","Rank01.W","capital","largestC","largest.UC","WC.UC.dist.km","TUPscale","PROPscale","HUMscale","Extra.WAR.In","Extra.WAR.Out","Intra.WAR","Inter.WAR","coast.dist","coast.dist.MIN","coast.dist.MAX","access","access.MAX","light","light.MAX","nldi","nldi.MAX","urbn.cover","city.gdp","gdp.MAX","density","density.MAX","density.growth","density.growth.MAX","EN.URB.MCTY.TL.ZS","SP.URB.TOTL.IN.ZS","EN.URB.LCTY.UR.ZS","latitude","longitude","WCUC.city.old","DV.Target.Urban","DV.Target.Crowded","DV.Target.Connected","DV.Target.Coastal"
"117",200311200006,2003,"turkey","Middle East & North Africa",9746876,1,1,1,1,0.999818052975313,0,1,1,10.6970555938571,7,1,240,0,0,0,0,9,0,517,12,504,61,63,0.476627257466316,0.981698041653633,32,104,104,1710,2086.2,0.329394387001477,0.461538461538462,31.1541227237326,66.569,22.205261331024,41.1,29,"istanbul",0.822063492063492,0.754460940035667,0.98015873015873,0.982591876208897
"118",200311200005,2003,"turkey","Middle East & North Africa",9746876,1,1,1,1,0.999818052975313,0,1,1,10.6970555938571,9,1,240,0,0,0,0,9,0,517,12,504,61,63,0.476627257466316,0.981698041653633,32,104,104,1710,2086.2,0.329394387001477,0.461538461538462,31.1541227237326,66.569,22.205261331024,41.1,29,"istanbul",0.822063492063492,0.754460940035667,0.98015873015873,0.982591876208897
"243",200807270020,2008,"turkey","Middle East & North Africa",11777944,1,1,1,1,0.999856110967222,0,1,1,10.6970555938571,7,1000,171,0,0,0,0,9,0,517,12,504,61,63,0.476627257466316,0.981698041653633,32,104,104,1934.4,2363.2,0.285079365079365,0.41025641025641,34.57517064491,69.562,24.0630081976018,41.1,29,"istanbul",0.822063492063492,0.748146265788058,0.98015873015873,0.982591876208897
"266",200311140004,2003,"turkey","Middle East & North Africa",9746876,1,1,1,1,0.999818052975313,0,1,1,10.6970555938571,7,1,162,0,0,0,0,9,0,517,12,504,61,63,0.476627257466316,0.981698041653633,32,104,104,1710,2086.2,0.329394387001477,0.461538461538462,31.1541227237326,66.569,22.205261331024,41.1,29,"istanbul",0.822063492063492,0.754460940035667,0.98015873015873,0.982591876208897
"265",200311140003,2003,"turkey","Middle East & North Africa",9746876,1,1,1,1,0.999818052975313,0,1,1,10.6970555938571,7,1,162,0,0,0,0,9,0,517,12,504,61,63,0.476627257466316,0.981698041653633,32,104,104,1710,2086.2,0.329394387001477,0.461538461538462,31.1541227237326,66.569,22.205261331024,41.1,29,"istanbul",0.822063492063492,0.754460940035667,0.98015873015873,0.982591876208897
"1169",200608280001,2006,"turkey","Middle East & North Africa",632251,0.0579049355766937,0,0,0.997206703910615,0.994680188254239,0,0,0,190.828599487011,0,1,69,0,0,0,0,4,0,517,1,504,60,63,0.599901461458207,0.981698041653633,13,32,104,91,2252.4,0.373333333333333,0.41025641025641,33.1263943170972,68.382,23.2670677941058,36.89,30.71,"antalya",0.534373147967065,0.358349362127958,0.814026251526252,0.992263056092843
"1669",200705220002,2007,"turkey","Middle East & North Africa",1392231,0.122772432116687,1,1,0.996275605214153,0.994563289257942,1,0,0,1.08339132920756,0,1,55,0,0,0,0,176,0,517,6,504,63,63,0.536097831785677,0.981698041653633,41,87,104,167,2307.8,0.145695364238411,0.41025641025641,33.8381639378079,68.975,23.6567913947198,39.93,32.85,"ankara",0.63226200933271,0.204566948126954,0.953182234432234,0.659574468085106
"4720",199907040001,1999,"turkey","Middle East & North Africa",8553323,1,1,1,1,0.999808742385556,0,1,1,10.6970555938571,7,1000,26,0,0,1,1,9,0,517,12,504,61,63,0.476627257466316,0.981698041653633,32,104,104,1530.8,1865.6,0.37434554973822,0.509433962264151,29.1494512246758,64.223,21.3967757004647,41.1,29,"istanbul",0.822063492063492,0.761323429890737,0.98015873015873,0.982591876208897
"5189",199811270002,1998,"turkey","Middle East & North Africa",124457,0.014874406928394,0,0,0.970315398886827,0.974332501649029,0,0,0,57.4971953897794,7,1000,24,0,0,1,0,201,0,517,3,504,49,63,0.688365389704702,0.981698041653633,0,9,104,109.2,1811.2,0.154639175257732,0.509433962264151,28.8461263683405,63.703,21.4240139556445,39.85,33.52,"kirikkale",0.44074189589825,0.197360073665791,0.713102869352869,0.611218568665377
"5452",200608280002,2006,"turkey","Middle East & North Africa",632251,0.0579049355766937,0,0,0.997206703910615,0.994680188254239,0,0,0,190.828599487011,0,1,23,0,0,0,0,4,0,517,1,504,60,63,0.599901461458207,0.981698041653633,13,32,104,91,2252.4,0.373333333333333,0.41025641025641,33.1263943170972,68.382,23.2670677941058,36.89,30.71,"antalya",0.534373147967065,0.358349362127958,0.814026251526252,0.992263056092843
"5779",200608280008,2006,"turkey","Middle East & North Africa",28053,0.00256927195273615,0,0,0.799813780260708,0.857323607503331,0,0,0,199.755707815524,7,1,22,0,0,0,0,4,0,517,141,504,44,63,0.681544485235214,0.981698041653633,0,9,104,61,2252.4,0.181818181818182,0.41025641025641,33.1263943170972,68.382,23.2670677941058,36.86,28.26,"marmaris",0.375198937656536,0.218628942635486,0.556356837606838,0.992263056092843
"6618",201109200004,2011,"turkey","Middle East & North Africa",1706684,0.130059257000852,1,1,0.996272134203169,0.994017208927131,1,0,0,1.08339132920756,9,1000,20,0,0,0,0,176,0,517,6,504,63,63,0.536097831785677,0.981698041653633,41,87,104,175.4,2540.48,0.145695364238411,0.41025641025641,36.7672307277341,71.282,25.1976653788847,39.93,32.85,"ankara",0.634082847801005,0.202574216772929,0.953182234432234,0.659574468085106
"6963",200109100006,2001,"turkey","Middle East & North Africa",9036346,1,1,1,1,0.999818206173336,0,1,1,10.6970555938571,9,1000,19,0,0,0,0,9,0,517,12,504,61,63,0.476627257466316,0.981698041653633,32,104,104,1620,1975.4,0.329394387001477,0.461538461538462,29.9597270196736,65.332,21.5777847684534,41.1,29,"istanbul",0.822063492063492,0.754709903930923,0.98015873015873,0.982591876208897
"6962",199903130004,1999,"turkey","Middle East & North Africa",8553323,1,1,1,1,0.999808742385556,0,1,1,10.6970555938571,7,1000,19,0,0,1,1,9,0,517,12,504,61,63,0.476627257466316,0.981698041653633,32,104,104,1530.8,1865.6,0.37434554973822,0.509433962264151,29.1494512246758,64.223,21.3967757004647,41.1,29,"istanbul",0.822063492063492,0.761323429890737,0.98015873015873,0.982591876208897
"7430",200406240001,2004,"turkey","Middle East & North Africa",10123352,1,1,1,1,0.999837139791539,0,1,1,10.6970555938571,7,1,18,0,0,0,0,9,0,517,12,504,61,63,0.476627257466316,0.981698041653633,32,104,104,1755,2141.6,0.329394387001477,0.461538461538462,31.7873021925815,67.18,22.5429776957651,41.1,29,"istanbul",0.822063492063492,0.754346118575383,0.98015873015873,0.982591876208897
"7921",200602090001,2006,"turkey","Middle East & North Africa",10918784,1,1,1,1,0.99984663605778,0,1,1,10.6970555938571,7,1000,17,0,0,0,0,9,0,517,12,504,61,63,0.476627257466316,0.981698041653633,32,104,104,1844.8,2252.4,0.285079365079365,0.41025641025641,33.1263943170972,68.382,23.2670677941058,41.1,29,"istanbul",0.822063492063492,0.748438078195605,0.98015873015873,0.982591876208897
"9202",201108280018,2011,"turkey","Middle East & North Africa",2034,0.000155001675483139,0,0,0.151910531220876,0.27500672223716,0,0,0,221.517472231892,7,1,15,0,0,0,0,69,0,517,101,504,3,63,0.912061623692513,0.981698041653633,0,1,104,62.2,2540.48,0.173076923076923,0.41025641025641,36.7672307277341,71.282,25.1976653788847,37.35,30.06,"kemer",0.0499211451288517,0.234159171179362,0.414110195360195,0.866537717601547
"9199",200602130002,2006,"turkey","Middle East & North Africa",10918784,1,1,1,1,0.99984663605778,0,1,1,10.6970555938571,7,1000,15,0,0,0,0,9,0,517,12,504,61,63,0.476627257466316,0.981698041653633,32,104,104,1844.8,2252.4,0.285079365079365,0.41025641025641,33.1263943170972,68.382,23.2670677941058,41.1,29,"istanbul",0.822063492063492,0.748438078195605,0.98015873015873,0.982591876208897
"9887",200706100020,2007,"turkey","Middle East & North Africa",11339935,1,1,1,1,0.999856171673491,0,1,1,10.6970555938571,7,1,14,0,0,0,0,9,0,517,12,504,61,63,0.476627257466316,0.981698041653633,32,104,104,1889.6,2307.8,0.285079365079365,0.41025641025641,33.8381639378079,68.975,23.6567913947198,41.1,29,"istanbul",0.822063492063492,0.748288669433686,0.98015873015873,0.982591876208897
"9890",200409190002,2004,"turkey","Middle East & North Africa",401572,0.039667855911753,0,0,0.989776951672863,0.991100168608216,0,0,0,66.6857296248904,7,1000,14,0,0,0,0,0,0,517,62,504,54,63,0.601905035772437,0.981698041653633,0,25,104,113.8,2141.6,0.247311827956989,0.461538461538462,31.7873021925815,67.18,22.5429776957651,36.79526,34.61792,"mercin",0.471646916181868,0.253948037745139,0.712873931623932,1
"9886",200012110001,2000,"turkey","Middle East & North Africa",8743868,1,1,1,1,0.999818247909851,0,1,1,10.6970555938571,9,1,14,0,0,0,0,9,0,517,12,504,61,63,0.476627257466316,0.981698041653633,32,104,104,1575,1920,0.329394387001477,0.461538461538462,29.4671679386755,64.741,21.3787590900218,41.1,29,"istanbul",0.822063492063492,0.754845161347143,0.98015873015873,0.982591876208897
"9881",199903050002,1999,"turkey","Middle East & North Africa",44913,0.00525093674118527,0,0,0.898886827458256,0.92257891767316,0,0,0,100.50503209836,9,1000,14,0,0,1,1,134,0,517,2,504,33,63,0.787922264432909,0.981698041653633,0,6,104,46.6,1865.6,0.0930232558139535,0.509433962264151,29.1494512246758,64.223,21.3967757004647,40.61,33.62,"cankiri",0.356986822002241,0.150028660166693,0.643391330891331,0.740812379110251
"10630",200808190020,2008,"turkey","Middle East & North Africa",530745,0.0450625925326971,0,0,0.992544268406337,0.99237388126277,0,0,0,65.1210607981845,9,1,13,0,0,0,0,4,0,517,27,504,56,63,0.61703643728495,0.981698041653633,0,22,104,121.6,2363.2,0.2,0.41025641025641,34.57517064491,69.562,24.0630081976018,36.81,34.63,"mersin",0.481623937456981,0.239977386936358,0.748321123321123,0.992263056092843
"10628",200511190002,2005,"turkey","Middle East & North Africa",10513274,1,1,1,1,0.999837092971999,0,1,1,10.6970555938571,7,1,13,0,0,0,0,9,0,517,12,504,61,63,0.476627257466316,0.981698041653633,32,104,104,1800,2197,0.285079365079365,0.41025641025641,32.4423617642736,67.783,22.8956215317593,41.1,29,"istanbul",0.822063492063492,0.748595022001138,0.98015873015873,0.982591876208897
"12616",200904270008,2009,"turkey","Middle East & North Africa",12231596,1,1,1,1,0.999856040538984,0,1,1,10.6970555938571,9,1,11,0,0,0,0,9,0,517,12,504,61,63,0.476627257466316,0.981698041653633,32,104,104,1979.2,2418.6,0.285079365079365,0.41025641025641,35.3264254275763,70.141,24.478267675496,41.1,29,"istanbul",0.822063492063492,0.748010385885066,0.98015873015873,0.982591876208897
"12600",200308010004,2003,"turkey","Middle East & North Africa",1130301,0.115965512281641,1,1,0.996285979572888,0.994819297876008,1,0,0,1.08339132920756,9,1,11,0,0,0,0,176,0,517,6,504,63,63,0.536097831785677,0.981698041653633,41,87,104,158.2,2086.2,0.18978102189781,0.461538461538462,31.1541227237326,66.569,22.205261331024,39.93,32.85,"ankara",0.630562872963632,0.223465896818406,0.953182234432234,0.659574468085106
"12615",199903260001,1999,"turkey","Middle East & North Africa",8553323,1,1,1,1,0.999808742385556,0,1,1,10.6970555938571,9,1,11,0,0,1,1,9,0,517,12,504,61,63,0.476627257466316,0.981698041653633,32,104,104,1530.8,1865.6,0.37434554973822,0.509433962264151,29.1494512246758,64.223,21.3967757004647,41.1,29,"istanbul",0.822063492063492,0.761323429890737,0.98015873015873,0.982591876208897
"13913",200101030001,2001,"turkey","Middle East & North Africa",9036346,1,1,1,1,0.999818206173336,0,1,1,10.6970555938571,9,1000,10,0,0,0,0,9,0,517,12,504,61,63,0.476627257466316,0.981698041653633,32,104,104,1620,1975.4,0.329394387001477,0.461538461538462,29.9597270196736,65.332,21.5777847684534,41.1,29,"istanbul",0.822063492063492,0.754709903930923,0.98015873015873,0.982591876208897
"13914",200101010004,2001,"turkey","Middle East & North Africa",9036346,1,1,1,1,0.999818206173336,0,1,1,10.6970555938571,7,1,10,0,0,0,0,9,0,517,12,504,61,63,0.476627257466316,0.981698041653633,32,104,104,1620,1975.4,0.329394387001477,0.461538461538462,29.9597270196736,65.332,21.5777847684534,41.1,29,"istanbul",0.822063492063492,0.754709903930923,0.98015873015873,0.982591876208897
"13911",199909100003,1999,"turkey","Middle East & North Africa",8553323,1,1,1,1,0.999808742385556,0,1,1,10.6970555938571,9,1,10,0,0,1,1,9,0,517,12,504,61,63,0.476627257466316,0.981698041653633,32,104,104,1530.8,1865.6,0.37434554973822,0.509433962264151,29.1494512246758,64.223,21.3967757004647,41.1,29,"istanbul",0.822063492063492,0.761323429890737,0.98015873015873,0.982591876208897
"13912",199909100002,1999,"turkey","Middle East & North Africa",8553323,1,1,1,1,0.999808742385556,0,1,1,10.6970555938571,9,1,10,0,0,1,1,9,0,517,12,504,61,63,0.476627257466316,0.981698041653633,32,104,104,1530.8,1865.6,0.37434554973822,0.509433962264151,29.1494512246758,64.223,21.3967757004647,41.1,29,"istanbul",0.822063492063492,0.761323429890737,0.98015873015873,0.982591876208897
"15260",199903100002,1999,"turkey","Middle East & North Africa",8553323,1,1,1,1,0.999808742385556,0,1,1,10.6970555938571,7,1000,9,0,0,1,1,9,0,517,12,504,61,63,0.476627257466316,0.981698041653633,32,104,104,1530.8,1865.6,0.37434554973822,0.509433962264151,29.1494512246758,64.223,21.3967757004647,41.1,29,"istanbul",0.822063492063492,0.761323429890737,0.98015873015873,0.982591876208897
"15259",199804100001,1998,"turkey","Middle East & North Africa",8367184,1,1,1,1,0.999808808205952,0,1,1,10.6970555938571,7,1,9,0,0,1,0,9,0,517,12,504,61,63,0.476627257466316,0.981698041653633,32,104,104,1486.6,1811.2,0.37434554973822,0.509433962264151,28.8461263683405,63.703,21.4240139556445,41.1,29,"istanbul",0.822063492063492,0.761468325914108,0.98015873015873,0.982591876208897
"16898",201105260011,2011,"turkey","Middle East & North Africa",13122354,1,1,1,1,0.999855952060846,0,1,1,10.6970555938571,7,1000,8,0,0,0,0,9,0,517,12,504,61,63,0.476627257466316,0.981698041653633,32,104,104,2077.76,2540.48,0.285079365079365,0.41025641025641,36.7672307277341,71.282,25.1976653788847,41.1,29,"istanbul",0.822063492063492,0.747732310461974,0.98015873015873,0.982591876208897
"16897",200807090016,2008,"turkey","Middle East & North Africa",11777944,1,1,1,1,0.999856110967222,0,1,1,10.6970555938571,9,1,8,0,0,0,0,9,0,517,12,504,61,63,0.476627257466316,0.981698041653633,32,104,104,1934.4,2363.2,0.285079365079365,0.41025641025641,34.57517064491,69.562,24.0630081976018,41.1,29,"istanbul",0.822063492063492,0.748146265788058,0.98015873015873,0.982591876208897
"16896",200403090003,2004,"turkey","Middle East & North Africa",10123352,1,1,1,1,0.999837139791539,0,1,1,10.6970555938571,2,1,8,0,0,0,0,9,0,517,12,504,61,63,0.476627257466316,0.981698041653633,32,104,104,1755,2141.6,0.329394387001477,0.461538461538462,31.7873021925815,67.18,22.5429776957651,41.1,29,"istanbul",0.822063492063492,0.754346118575383,0.98015873015873,0.982591876208897
"16894",199910060015,1999,"turkey","Middle East & North Africa",8553323,1,1,1,1,0.999808742385556,0,1,1,10.6970555938571,9,1000,8,0,0,1,1,9,0,517,12,504,61,63,0.476627257466316,0.981698041653633,32,104,104,1530.8,1865.6,0.37434554973822,0.509433962264151,29.1494512246758,64.223,21.3967757004647,41.1,29,"istanbul",0.822063492063492,0.761323429890737,0.98015873015873,0.982591876208897
"16895",199903270004,1999,"turkey","Middle East & North Africa",8553323,1,1,1,1,0.999808742385556,0,1,1,10.6970555938571,9,1,8,0,0,1,1,9,0,517,12,504,61,63,0.476627257466316,0.981698041653633,32,104,104,1530.8,1865.6,0.37434554973822,0.509433962264151,29.1494512246758,64.223,21.3967757004647,41.1,29,"istanbul",0.822063492063492,0.761323429890737,0.98015873015873,0.982591876208897
"16893",199802270007,1998,"turkey","Middle East & North Africa",8367184,1,1,1,1,0.999808808205952,0,1,1,10.6970555938571,9,1,8,0,0,1,0,9,0,517,12,504,61,63,0.476627257466316,0.981698041653633,32,104,104,1486.6,1811.2,0.37434554973822,0.509433962264151,28.8461263683405,63.703,21.4240139556445,41.1,29,"istanbul",0.822063492063492,0.761468325914108,0.98015873015873,0.982591876208897
"21845",200812010003,2008,"turkey","Middle East & North Africa",11777944,1,1,1,1,0.999856110967222,0,1,1,10.6970555938571,9,1000,6,0,0,0,0,9,0,517,12,504,61,63,0.476627257466316,0.981698041653633,32,104,104,1934.4,2363.2,0.285079365079365,0.41025641025641,34.57517064491,69.562,24.0630081976018,41.1,29,"istanbul",0.822063492063492,0.748146265788058,0.98015873015873,0.982591876208897
"21844",199903140007,1999,"turkey","Middle East & North Africa",8553323,1,1,1,1,0.999808742385556,0,1,1,10.6970555938571,7,1000,6,0,0,1,1,9,0,517,12,504,61,63,0.476627257466316,0.981698041653633,32,104,104,1530.8,1865.6,0.37434554973822,0.509433962264151,29.1494512246758,64.223,21.3967757004647,41.1,29,"istanbul",0.822063492063492,0.761323429890737,0.98015873015873,0.982591876208897
"25515",200904230018,2009,"turkey","Middle East & North Africa",1541762,0.126047529736096,1,1,0.996272134203169,0.994155245882759,1,0,0,1.08339132920756,7,1,5,0,0,0,0,176,0,517,6,504,63,63,0.536097831785677,0.981698041653633,41,87,104,171,2418.6,0.145695364238411,0.41025641025641,35.3264254275763,70.141,24.478267675496,39.93,32.85,"ankara",0.633079915984816,0.203570209724519,0.953182234432234,0.659574468085106
"25514",200605170008,2006,"turkey","Middle East & North Africa",1322485,0.121120196607742,1,1,0.996275605214153,0.99467060300785,1,0,0,1.08339132920756,9,1,5,0,0,0,0,176,0,517,6,504,63,63,0.536097831785677,0.981698041653633,41,87,104,165,2252.4,0.145695364238411,0.41025641025641,33.1263943170972,68.382,23.2670677941058,39.93,32.85,"ankara",0.631848950455474,0.205102090974612,0.953182234432234,0.659574468085106
"25517",200508020004,2005,"turkey","Middle East & North Africa",612157,0.0582270712208323,0,0,0.997206703910615,0.994834888935738,0,0,0,190.828599487011,0,1000,5,0,0,0,0,4,0,517,1,504,60,63,0.599901461458207,0.981698041653633,13,32,104,88,2197,0.373333333333333,0.41025641025641,32.4423617642736,67.783,22.8956215317593,36.89,30.71,"antalya",0.5344536818781,0.358141324286847,0.814026251526252,0.992263056092843
"25590",200307100005,2003,"turkey","Middle East & North Africa",3135,0.000321636130170449,0,0,0.298978644382544,0.432066726677264,0,0,0,46.1605836064087,7,1,5,0,0,0,0,18,0,517,62,504,12,63,0.709554019589151,0.981698041653633,1,6,104,417.4,2086.2,0.289085545722714,0.461538461538462,31.1541227237326,66.569,22.205261331024,40.53568,29.35364,"yenikoy",0.124944117747226,0.380229856609871,0.500534188034188,0.965183752417795
"25555",200306030002,2003,"turkey","Middle East & North Africa",9746876,1,1,1,1,0.999818052975313,0,1,1,10.6970555938571,9,1000,5,0,0,0,0,9,0,517,12,504,61,63,0.476627257466316,0.981698041653633,32,104,104,1710,2086.2,0.329394387001477,0.461538461538462,31.1541227237326,66.569,22.205261331024,41.1,29,"istanbul",0.822063492063492,0.754460940035667,0.98015873015873,0.982591876208897
"25513",200003110004,2000,"turkey","Middle East & North Africa",963070,0.110142289149412,1,1,0.996285979572888,0.994843980179456,1,0,0,1.08339132920756,7,1,5,0,0,0,0,176,0,517,6,504,63,63,0.536097831785677,0.981698041653633,41,87,104,151,1920,0.18978102189781,0.461538461538462,29.4671679386755,64.741,21.3787590900218,39.93,32.85,"ankara",0.629107067180575,0.225154403433304,0.953182234432234,0.659574468085106
"30454",200508020005,2005,"turkey","Middle East & North Africa",612157,0.0582270712208323,0,0,0.997206703910615,0.994834888935738,0,0,0,190.828599487011,7,1000,4,0,0,0,0,4,0,517,1,504,60,63,0.599901461458207,0.981698041653633,13,32,104,88,2197,0.373333333333333,0.41025641025641,32.4423617642736,67.783,22.8956215317593,36.89,30.71,"antalya",0.5344536818781,0.358141324286847,0.814026251526252,0.992263056092843
"30504",200408090002,2004,"turkey","Middle East & North Africa",10123352,1,1,1,1,0.999837139791539,0,1,1,10.6970555938571,7,1,4,0,0,0,0,9,0,517,12,504,61,63,0.476627257466316,0.981698041653633,32,104,104,1755,2141.6,0.329394387001477,0.461538461538462,31.7873021925815,67.18,22.5429776957651,41.1,29,"istanbul",0.822063492063492,0.754346118575383,0.98015873015873,0.982591876208897
"30505",200408090001,2004,"turkey","Middle East & North Africa",10123352,1,1,1,1,0.999837139791539,0,1,1,10.6970555938571,7,1,4,0,0,0,0,9,0,517,12,504,61,63,0.476627257466316,0.981698041653633,32,104,104,1755,2141.6,0.329394387001477,0.461538461538462,31.7873021925815,67.18,22.5429776957651,41.1,29,"istanbul",0.822063492063492,0.754346118575383,0.98015873015873,0.982591876208897
"30484",199907300003,1999,"turkey","Middle East & North Africa",18553,0.00216908028399601,0,1,0.776437847866419,0.830029358043817,0,0,1,32.5608887810254,7,1,4,0,0,1,1,0,0,517,504,504,49,63,0.556508183479309,0.981698041653633,7,25,104,1347,1865.6,0.373637264618434,0.509433962264151,29.1494512246758,64.223,21.3967757004647,41,28.59,"gurpinar",0.406596176482048,0.709930994667168,0.254540598290598,1
"30503",199903180002,1999,"turkey","Middle East & North Africa",8553323,1,1,1,1,0.999808742385556,0,1,1,10.6970555938571,2,1000,4,0,0,1,1,9,0,517,12,504,61,63,0.476627257466316,0.981698041653633,32,104,104,1530.8,1865.6,0.37434554973822,0.509433962264151,29.1494512246758,64.223,21.3967757004647,41.1,29,"istanbul",0.822063492063492,0.761323429890737,0.98015873015873,0.982591876208897
"30518",199809090001,1998,"turkey","Middle East & North Africa",4076,0.000487191329244255,0,0,0.439703153988868,0.531570544992209,0,0,0,129.132385416404,7,1,4,0,0,1,0,103,0,517,15,504,12,63,0.711485868358612,0.981698041653633,0,9,104,119.2,1811.2,0.150943396226415,0.509433962264151,28.8461263683405,63.703,21.4240139556445,37.92,28.46,"kuyucak",0.157666633948576,0.200851543061221,0.554372710622711,0.800773694390716
"37346",200801020015,2008,"turkey","Middle East & North Africa",11777944,1,1,1,1,0.999856110967222,0,1,1,10.6970555938571,7,1,3,0,0,0,0,9,0,517,12,504,61,63,0.476627257466316,0.981698041653633,32,104,104,1934.4,2363.2,0.285079365079365,0.41025641025641,34.57517064491,69.562,24.0630081976018,41.1,29,"istanbul",0.822063492063492,0.748146265788058,0.98015873015873,0.982591876208897
"37351",200710280004,2007,"turkey","Middle East & North Africa",161433,0.0142357850612782,0,0,0.968342644320298,0.970246713522739,0,0,1,84.4622502775299,9,1,3,0,0,0,0,4,0,517,32,504,55,63,0.653855689454076,0.981698041653633,0,38,104,398.4,2307.8,0.217391304347826,0.41025641025641,33.8381639378079,68.975,23.6567913947198,40.77,29.93,"izmit",0.463898575599362,0.329151120490853,0.77785409035409,0.992263056092843
"37375",200610010003,2006,"turkey","Middle East & North Africa",500110,0.0458027278209404,0,0,0.992551210428305,0.992446825845658,0,0,0,65.1210607981845,9,1000,3,0,0,0,0,4,0,517,27,504,56,63,0.61703643728495,0.981698041653633,0,22,104,117.2,2252.4,0.2,0.41025641025641,33.1263943170972,68.382,23.2670677941058,36.81,34.63,"mersin",0.481810706784534,0.240324026891428,0.748321123321123,0.992263056092843
"37345",200604050005,2006,"turkey","Middle East & North Africa",10918784,1,1,1,1,0.99984663605778,0,1,1,10.6970555938571,9,1e+06,3,0,0,0,0,9,0,517,12,504,61,63,0.476627257466316,0.981698041653633,32,104,104,1844.8,2252.4,0.285079365079365,0.41025641025641,33.1263943170972,68.382,23.2670677941058,41.1,29,"istanbul",0.822063492063492,0.748438078195605,0.98015873015873,0.982591876208897
"37344",200604020009,2006,"turkey","Middle East & North Africa",10918784,1,1,1,1,0.99984663605778,0,1,1,10.6970555938571,7,1000,3,0,0,0,0,9,0,517,12,504,61,63,0.476627257466316,0.981698041653633,32,104,104,1844.8,2252.4,0.285079365079365,0.41025641025641,33.1263943170972,68.382,23.2670677941058,41.1,29,"istanbul",0.822063492063492,0.748438078195605,0.98015873015873,0.982591876208897
"37343",200507240005,2005,"turkey","Middle East & North Africa",10513274,1,1,1,1,0.999837092971999,0,1,1,10.6970555938571,7,1,3,0,0,0,0,9,0,517,12,504,61,63,0.476627257466316,0.981698041653633,32,104,104,1800,2197,0.285079365079365,0.41025641025641,32.4423617642736,67.783,22.8956215317593,41.1,29,"istanbul",0.822063492063492,0.748595022001138,0.98015873015873,0.982591876208897
"37342",200103160004,2001,"turkey","Middle East & North Africa",9036346,1,1,1,1,0.999818206173336,0,1,1,10.6970555938571,9,1,3,0,0,0,0,9,0,517,12,504,61,63,0.476627257466316,0.981698041653633,32,104,104,1620,1975.4,0.329394387001477,0.461538461538462,29.9597270196736,65.332,21.5777847684534,41.1,29,"istanbul",0.822063492063492,0.754709903930923,0.98015873015873,0.982591876208897
"47702",201104220008,2011,"turkey","Middle East & North Africa",13122354,1,1,1,1,0.999855952060846,0,1,1,10.6970555938571,7,1,2,0,0,0,0,9,0,517,12,504,61,63,0.476627257466316,0.981698041653633,32,104,104,2077.76,2540.48,0.285079365079365,0.41025641025641,36.7672307277341,71.282,25.1976653788847,41.1,29,"istanbul",0.822063492063492,0.747732310461974,0.98015873015873,0.982591876208897
"47701",200908140009,2009,"turkey","Middle East & North Africa",12231596,1,1,1,1,0.999856040538984,0,1,1,10.6970555938571,2,1000,2,0,0,0,0,9,0,517,12,504,61,63,0.476627257466316,0.981698041653633,32,104,104,1979.2,2418.6,0.285079365079365,0.41025641025641,35.3264254275763,70.141,24.478267675496,41.1,29,"istanbul",0.822063492063492,0.748010385885066,0.98015873015873,0.982591876208897
"47700",200812060034,2008,"turkey","Middle East & North Africa",11777944,1,1,1,1,0.999856110967222,0,1,1,10.6970555938571,7,1,2,0,0,0,0,9,0,517,12,504,61,63,0.476627257466316,0.981698041653633,32,104,104,1934.4,2363.2,0.285079365079365,0.41025641025641,34.57517064491,69.562,24.0630081976018,41.1,29,"istanbul",0.822063492063492,0.748146265788058,0.98015873015873,0.982591876208897
"47540",200305200003,2003,"turkey","Middle East & North Africa",1130301,0.115965512281641,1,1,0.996285979572888,0.994819297876008,1,0,0,1.08339132920756,0,1000,2,0,0,0,0,176,0,517,6,504,63,63,0.536097831785677,0.981698041653633,41,87,104,158.2,2086.2,0.18978102189781,0.461538461538462,31.1541227237326,66.569,22.205261331024,39.93,32.85,"ankara",0.630562872963632,0.223465896818406,0.953182234432234,0.659574468085106
"47699",200101100004,2001,"turkey","Middle East & North Africa",9036346,1,1,1,1,0.999818206173336,0,1,1,10.6970555938571,9,1,2,0,0,0,0,9,0,517,12,504,61,63,0.476627257466316,0.981698041653633,32,104,104,1620,1975.4,0.329394387001477,0.461538461538462,29.9597270196736,65.332,21.5777847684534,41.1,29,"istanbul",0.822063492063492,0.754709903930923,0.98015873015873,0.982591876208897
"47697",200011260005,2000,"turkey","Middle East & North Africa",8743868,1,1,1,1,0.999818247909851,0,1,1,10.6970555938571,7,1,2,0,0,0,0,9,0,517,12,504,61,63,0.476627257466316,0.981698041653633,32,104,104,1575,1920,0.329394387001477,0.461538461538462,29.4671679386755,64.741,21.3787590900218,41.1,29,"istanbul",0.822063492063492,0.754845161347143,0.98015873015873,0.982591876208897
"47698",200011220004,2000,"turkey","Middle East & North Africa",8743868,1,1,1,1,0.999818247909851,0,1,1,10.6970555938571,9,1,2,0,0,0,0,9,0,517,12,504,61,63,0.476627257466316,0.981698041653633,32,104,104,1575,1920,0.329394387001477,0.461538461538462,29.4671679386755,64.741,21.3787590900218,41.1,29,"istanbul",0.822063492063492,0.754845161347143,0.98015873015873,0.982591876208897
"47695",199907120002,1999,"turkey","Middle East & North Africa",8553323,1,1,1,1,0.999808742385556,0,1,1,10.6970555938571,7,1000,2,0,0,1,1,9,0,517,12,504,61,63,0.476627257466316,0.981698041653633,32,104,104,1530.8,1865.6,0.37434554973822,0.509433962264151,29.1494512246758,64.223,21.3967757004647,41.1,29,"istanbul",0.822063492063492,0.761323429890737,0.98015873015873,0.982591876208897
"47696",199906020002,1999,"turkey","Middle East & North Africa",8553323,1,1,1,1,0.999808742385556,0,1,1,10.6970555938571,7,1000,2,0,0,1,1,9,0,517,12,504,61,63,0.476627257466316,0.981698041653633,32,104,104,1530.8,1865.6,0.37434554973822,0.509433962264151,29.1494512246758,64.223,21.3967757004647,41.1,29,"istanbul",0.822063492063492,0.761323429890737,0.98015873015873,0.982591876208897
"47694",199811050002,1998,"turkey","Middle East & North Africa",8367184,1,1,1,1,0.999808808205952,0,1,1,10.6970555938571,9,1,2,0,0,1,0,9,0,517,12,504,61,63,0.476627257466316,0.981698041653633,32,104,104,1486.6,1811.2,0.37434554973822,0.509433962264151,28.8461263683405,63.703,21.4240139556445,41.1,29,"istanbul",0.822063492063492,0.761468325914108,0.98015873015873,0.982591876208897
"68310",201111110019,2011,"turkey","Middle East & North Africa",181109,0.0138015489149454,0,0,0.968313140726934,0.967906119156455,0,0,1,84.4622502775299,0,1,1,0,0,0,0,4,0,517,32,504,55,63,0.653855689454076,0.981698041653633,0,38,104,428.64,2540.48,0.217391304347826,0.41025641025641,36.7672307277341,71.282,25.1976653788847,40.77,29.93,"izmit",0.463782640664438,0.326806366579788,0.77785409035409,0.992263056092843
"68363",201102160009,2011,"turkey","Middle East & North Africa",578418,0.044078847611554,0,0,0.992544268406337,0.991952521799255,0,0,0,65.1210607981845,7,1000,1,0,0,0,0,4,0,517,27,504,56,63,0.61703643728495,0.981698041653633,0,22,104,128.64,2540.48,0.2,0.41025641025641,36.7672307277341,71.282,25.1976653788847,36.81,34.63,"mersin",0.481378001226695,0.239485655084235,0.748321123321123,0.992263056092843
"68297",200712050001,2007,"turkey","Middle East & North Africa",11339935,1,1,1,1,0.999856171673491,0,1,1,10.6970555938571,2,1,1,0,0,0,0,9,0,517,12,504,61,63,0.476627257466316,0.981698041653633,32,104,104,1889.6,2307.8,0.285079365079365,0.41025641025641,33.8381639378079,68.975,23.6567913947198,41.1,29,"istanbul",0.822063492063492,0.748288669433686,0.98015873015873,0.982591876208897
"68295",200606190002,2006,"turkey","Middle East & North Africa",10918784,1,1,1,1,0.99984663605778,0,1,1,10.6970555938571,9,1,1,0,0,0,0,9,0,517,12,504,61,63,0.476627257466316,0.981698041653633,32,104,104,1844.8,2252.4,0.285079365079365,0.41025641025641,33.1263943170972,68.382,23.2670677941058,41.1,29,"istanbul",0.822063492063492,0.748438078195605,0.98015873015873,0.982591876208897
"68296",200601220002,2006,"turkey","Middle East & North Africa",10918784,1,1,1,1,0.99984663605778,0,1,1,10.6970555938571,7,1000,1,0,0,0,0,9,0,517,12,504,61,63,0.476627257466316,0.981698041653633,32,104,104,1844.8,2252.4,0.285079365079365,0.41025641025641,33.1263943170972,68.382,23.2670677941058,41.1,29,"istanbul",0.822063492063492,0.748438078195605,0.98015873015873,0.982591876208897
"68294",200508140011,2005,"turkey","Middle East & North Africa",10513274,1,1,1,1,0.999837092971999,0,1,1,10.6970555938571,7,1000,1,0,0,0,0,9,0,517,12,504,61,63,0.476627257466316,0.981698041653633,32,104,104,1800,2197,0.285079365079365,0.41025641025641,32.4423617642736,67.783,22.8956215317593,41.1,29,"istanbul",0.822063492063492,0.748595022001138,0.98015873015873,0.982591876208897
"68041",200507010005,2005,"turkey","Middle East & North Africa",1255642,0.119433931322049,1,1,0.996275605214153,0.994825306169385,1,0,0,1.08339132920756,9,1,1,0,0,0,0,176,0,517,6,504,63,63,0.536097831785677,0.981698041653633,41,87,104,163,2197,0.145695364238411,0.41025641025641,32.4423617642736,67.783,22.8956215317593,39.93,32.85,"ankara",0.631427384134051,0.20566422236461,0.953182234432234,0.659574468085106
"68362",200505260001,2005,"turkey","Middle East & North Africa",484216,0.0460575366914272,0,0,0.992551210428305,0.992554190543726,0,0,0,65.1210607981845,9,1,1,0,0,0,0,4,0,517,27,504,56,63,0.61703643728495,0.981698041653633,0,22,104,115,2197,0.2,0.41025641025641,32.4423617642736,67.783,22.8956215317593,36.81,34.63,"mersin",0.481874409002155,0.240510458284651,0.748321123321123,0.992263056092843
"68293",200406140002,2004,"turkey","Middle East & North Africa",10123352,1,1,1,1,0.999837139791539,0,1,1,10.6970555938571,0,1,1,0,0,0,0,9,0,517,12,504,61,63,0.476627257466316,0.981698041653633,32,104,104,1755,2141.6,0.329394387001477,0.461538461538462,31.7873021925815,67.18,22.5429776957651,41.1,29,"istanbul",0.822063492063492,0.754346118575383,0.98015873015873,0.982591876208897
"68292",200403170003,2004,"turkey","Middle East & North Africa",10123352,1,1,1,1,0.999837139791539,0,1,1,10.6970555938571,9,1,1,0,0,0,0,9,0,517,12,504,61,63,0.476627257466316,0.981698041653633,32,104,104,1755,2141.6,0.329394387001477,0.461538461538462,31.7873021925815,67.18,22.5429776957651,41.1,29,"istanbul",0.822063492063492,0.754346118575383,0.98015873015873,0.982591876208897
"68291",200304030001,2003,"turkey","Middle East & North Africa",9746876,1,1,1,1,0.999818052975313,0,1,1,10.6970555938571,9,1000,1,0,0,0,0,9,0,517,12,504,61,63,0.476627257466316,0.981698041653633,32,104,104,1710,2086.2,0.329394387001477,0.461538461538462,31.1541227237326,66.569,22.205261331024,41.1,29,"istanbul",0.822063492063492,0.754460940035667,0.98015873015873,0.982591876208897
"68290",200111140003,2001,"turkey","Middle East & North Africa",9036346,1,1,1,1,0.999818206173336,0,1,1,10.6970555938571,9,1,1,0,0,0,0,9,0,517,12,504,61,63,0.476627257466316,0.981698041653633,32,104,104,1620,1975.4,0.329394387001477,0.461538461538462,29.9597270196736,65.332,21.5777847684534,41.1,29,"istanbul",0.822063492063492,0.754709903930923,0.98015873015873,0.982591876208897
"68289",200111140002,2001,"turkey","Middle East & North Africa",9036346,1,1,1,1,0.999818206173336,0,1,1,10.6970555938571,9,1,1,0,0,0,0,9,0,517,12,504,61,63,0.476627257466316,0.981698041653633,32,104,104,1620,1975.4,0.329394387001477,0.461538461538462,29.9597270196736,65.332,21.5777847684534,41.1,29,"istanbul",0.822063492063492,0.754709903930923,0.98015873015873,0.982591876208897
"68288",200108250024,2001,"turkey","Middle East & North Africa",9036346,1,1,1,1,0.999818206173336,0,1,1,10.6970555938571,0,1,1,0,0,0,0,9,0,517,12,504,61,63,0.476627257466316,0.981698041653633,32,104,104,1620,1975.4,0.329394387001477,0.461538461538462,29.9597270196736,65.332,21.5777847684534,41.1,29,"istanbul",0.822063492063492,0.754709903930923,0.98015873015873,0.982591876208897
"68287",200101070003,2001,"turkey","Middle East & North Africa",9036346,1,1,1,1,0.999818206173336,0,1,1,10.6970555938571,9,1000,1,0,0,0,0,9,0,517,12,504,61,63,0.476627257466316,0.981698041653633,32,104,104,1620,1975.4,0.329394387001477,0.461538461538462,29.9597270196736,65.332,21.5777847684534,41.1,29,"istanbul",0.822063492063492,0.754709903930923,0.98015873015873,0.982591876208897
"68285",200010060004,2000,"turkey","Middle East & North Africa",8743868,1,1,1,1,0.999818247909851,0,1,1,10.6970555938571,0,1,1,0,0,0,0,9,0,517,12,504,61,63,0.476627257466316,0.981698041653633,32,104,104,1575,1920,0.329394387001477,0.461538461538462,29.4671679386755,64.741,21.3787590900218,41.1,29,"istanbul",0.822063492063492,0.754845161347143,0.98015873015873,0.982591876208897
"68286",200002100006,2000,"turkey","Middle East & North Africa",8743868,1,1,1,1,0.999818247909851,0,1,1,10.6970555938571,9,1,1,0,0,0,0,9,0,517,12,504,61,63,0.476627257466316,0.981698041653633,32,104,104,1575,1920,0.329394387001477,0.461538461538462,29.4671679386755,64.741,21.3787590900218,41.1,29,"istanbul",0.822063492063492,0.754845161347143,0.98015873015873,0.982591876208897
"68284",199912190001,1999,"turkey","Middle East & North Africa",8553323,1,1,1,1,0.999808742385556,0,1,1,10.6970555938571,7,1000,1,0,0,1,1,9,0,517,12,504,61,63,0.476627257466316,0.981698041653633,32,104,104,1530.8,1865.6,0.37434554973822,0.509433962264151,29.1494512246758,64.223,21.3967757004647,41.1,29,"istanbul",0.822063492063492,0.761323429890737,0.98015873015873,0.982591876208897
"68283",199911250009,1999,"turkey","Middle East & North Africa",8553323,1,1,1,1,0.999808742385556,0,1,1,10.6970555938571,7,1,1,0,0,1,1,9,0,517,12,504,61,63,0.476627257466316,0.981698041653633,32,104,104,1530.8,1865.6,0.37434554973822,0.509433962264151,29.1494512246758,64.223,21.3967757004647,41.1,29,"istanbul",0.822063492063492,0.761323429890737,0.98015873015873,0.982591876208897
"68039",199910210001,1999,"turkey","Middle East & North Africa",914451,0.106911820183019,1,1,0.996289424860853,0.994902984575073,1,0,0,1.08339132920756,7,1000,1,0,0,1,1,176,0,517,6,504,63,63,0.536097831785677,0.981698041653633,41,87,104,148.2,1865.6,0.227642276422764,0.509433962264151,29.1494512246758,64.223,21.3967757004647,39.93,32.85,"ankara",0.628300311260968,0.236328196683757,0.953182234432234,0.659574468085106
"68053",199910180002,1999,"turkey","Middle East & North Africa",1752,0.000204783091173601,0,0,0.194805194805195,0.280852243929961,0,0,0,89.5221600013565,7,1000,1,0,0,1,1,78,0,517,214,504,7,63,0.631263137586564,0.981698041653633,0,3,104,175.2,1865.6,0.194630872483221,0.509433962264151,29.1494512246758,64.223,21.3967757004647,38.08167,28.05778,"bademli",0.0765302722518699,0.235265629972567,0.322687728937729,0.849129593810445
"68282",199910050001,1999,"turkey","Middle East & North Africa",8553323,1,1,1,1,0.999808742385556,0,1,1,10.6970555938571,7,1,1,0,0,1,1,9,0,517,12,504,61,63,0.476627257466316,0.981698041653633,32,104,104,1530.8,1865.6,0.37434554973822,0.509433962264151,29.1494512246758,64.223,21.3967757004647,41.1,29,"istanbul",0.822063492063492,0.761323429890737,0.98015873015873,0.982591876208897
"68338",199906170007,1999,"turkey","Middle East & North Africa",554296,0.0648047421055417,1,1,0.998144712430427,0.995801895362959,0,0,0,1.50865878795956,9,1,1,0,0,1,1,160,0,517,5,504,62,63,0.631271265149119,0.981698041653633,40,24,104,53.8,1865.6,0.25,0.509433962264151,29.1494512246758,64.223,21.3967757004647,37.88,32.48,"konya",0.611769109665738,0.228828982583686,0.798763736263736,0.690522243713733
"68040",199903150007,1999,"turkey","Middle East & North Africa",914451,0.106911820183019,1,1,0.996289424860853,0.994902984575073,1,0,0,1.08339132920756,9,1000,1,0,0,1,1,176,0,517,6,504,63,63,0.536097831785677,0.981698041653633,41,87,104,148.2,1865.6,0.227642276422764,0.509433962264151,29.1494512246758,64.223,21.3967757004647,39.93,32.85,"ankara",0.628300311260968,0.236328196683757,0.953182234432234,0.659574468085106
"68037",199810300001,1998,"turkey","Middle East & North Africa",868025,0.10374154636888,1,1,0.996289424860853,0.99492385786802,1,0,0,1.08339132920756,9,1,1,0,0,1,0,176,0,517,6,504,63,63,0.536097831785677,0.981698041653633,41,87,104,145.4,1811.2,0.227642276422764,0.509433962264151,28.8461263683405,63.703,21.4240139556445,39.93,32.85,"ankara",0.627507742807433,0.236832207557209,0.953182234432234,0.659574468085106
"68281",199808290001,1998,"turkey","Middle East & North Africa",8367184,1,1,1,1,0.999808808205952,0,1,1,10.6970555938571,9,1000,1,0,0,1,0,9,0,517,12,504,61,63,0.476627257466316,0.981698041653633,32,104,104,1486.6,1811.2,0.37434554973822,0.509433962264151,28.8461263683405,63.703,21.4240139556445,41.1,29,"istanbul",0.822063492063492,0.761468325914108,0.98015873015873,0.982591876208897
"68038",199805120004,1998,"turkey","Middle East & North Africa",868025,0.10374154636888,1,1,0.996289424860853,0.99492385786802,1,0,0,1.08339132920756,2,1,1,0,0,1,0,176,0,517,6,504,63,63,0.536097831785677,0.981698041653633,41,87,104,145.4,1811.2,0.227642276422764,0.509433962264151,28.8461263683405,63.703,21.4240139556445,39.93,32.85,"ankara",0.627507742807433,0.236832207557209,0.953182234432234,0.659574468085106
"119453",201110080006,2011,"turkey","Middle East & North Africa",13122354,1,1,1,1,0.999855952060846,0,1,1,10.6970555938571,9,1,0,0,0,0,0,9,0,517,12,504,61,63,0.476627257466316,0.981698041653633,32,104,104,2077.76,2540.48,0.285079365079365,0.41025641025641,36.7672307277341,71.282,25.1976653788847,41.1,29,"istanbul",0.822063492063492,0.747732310461974,0.98015873015873,0.982591876208897
"118759",201109270016,2011,"turkey","Middle East & North Africa",2516,0.000191712598623882,0,0,0.187325256290774,0.327584220028425,0,0,1,60.3773526675715,7,1,0,0,0,0,0,12,0,517,243,504,5,63,0.746661134600641,0.981698041653633,3,3,104,1938.64,2540.48,0.286980231765508,0.41025641025641,36.7672307277341,71.282,25.1976653788847,41.34,28.41,"ciftlik",0.0742205120636193,0.74377235257603,0.28598137973138,0.97678916827853
"119544",201109200005,2011,"turkey","Middle East & North Africa",195822,0.0149227792743953,0,0,0.970177073625349,0.97060461721661,0,0,0,57.4971953897794,9,1,0,0,0,0,0,201,0,517,3,504,49,63,0.688365389704702,0.981698041653633,0,9,104,122.96,2540.48,0.0892857142857143,0.41025641025641,36.7672307277341,71.282,25.1976653788847,39.85,33.52,"kirikkale",0.440719407669381,0.164450229863268,0.713102869352869,0.611218568665377
"119586",201105270002,2011,"turkey","Middle East & North Africa",578418,0.044078847611554,0,0,0.992544268406337,0.991952521799255,0,0,0,65.1210607981845,9,1000,0,0,0,0,0,4,0,517,27,504,56,63,0.61703643728495,0.981698041653633,0,22,104,128.64,2540.48,0.2,0.41025641025641,36.7672307277341,71.282,25.1976653788847,36.81,34.63,"mersin",0.481378001226695,0.239485655084235,0.748321123321123,0.992263056092843
"119454",201105220009,2011,"turkey","Middle East & North Africa",13122354,1,1,1,1,0.999855952060846,0,1,1,10.6970555938571,7,1000,0,0,0,0,0,9,0,517,12,504,61,63,0.476627257466316,0.981698041653633,32,104,104,2077.76,2540.48,0.285079365079365,0.41025641025641,36.7672307277341,71.282,25.1976653788847,41.1,29,"istanbul",0.822063492063492,0.747732310461974,0.98015873015873,0.982591876208897
"119451",201105170007,2011,"turkey","Middle East & North Africa",13122354,1,1,1,1,0.999855952060846,0,1,1,10.6970555938571,7,1000,0,0,0,0,0,9,0,517,12,504,61,63,0.476627257466316,0.981698041653633,32,104,104,2077.76,2540.48,0.285079365079365,0.41025641025641,36.7672307277341,71.282,25.1976653788847,41.1,29,"istanbul",0.822063492063492,0.747732310461974,0.98015873015873,0.982591876208897
"119452",201104210003,2011,"turkey","Middle East & North Africa",13122354,1,1,1,1,0.999855952060846,0,1,1,10.6970555938571,9,1000,0,0,0,0,0,9,0,517,12,504,61,63,0.476627257466316,0.981698041653633,32,104,104,2077.76,2540.48,0.285079365079365,0.41025641025641,36.7672307277341,71.282,25.1976653788847,41.1,29,"istanbul",0.822063492063492,0.747732310461974,0.98015873015873,0.982591876208897
"119450",201012090008,2010,"turkey","Middle East & North Africa",12703384,1,1,1,1,0.99985598525289,0,1,1,10.6970555938571,7,1000,0,0,0,0,0,9,0,517,12,504,61,63,0.476627257466316,0.981698041653633,32,104,104,2024,2474,0.285079365079365,0.41025641025641,36.0931046919727,70.715,24.9027043915453,41.1,29,"istanbul",0.822063492063492,0.747880591468431,0.98015873015873,0.982591876208897
"119448",201012090007,2010,"turkey","Middle East & North Africa",12703384,1,1,1,1,0.99985598525289,0,1,1,10.6970555938571,7,1000,0,0,0,0,0,9,0,517,12,504,61,63,0.476627257466316,0.981698041653633,32,104,104,2024,2474,0.285079365079365,0.41025641025641,36.0931046919727,70.715,24.9027043915453,41.1,29,"istanbul",0.822063492063492,0.747880591468431,0.98015873015873,0.982591876208897
"119446",201012090006,2010,"turkey","Middle East & North Africa",12703384,1,1,1,1,0.99985598525289,0,1,1,10.6970555938571,7,1000,0,0,0,0,0,9,0,517,12,504,61,63,0.476627257466316,0.981698041653633,32,104,104,2024,2474,0.285079365079365,0.41025641025641,36.0931046919727,70.715,24.9027043915453,41.1,29,"istanbul",0.822063492063492,0.747880591468431,0.98015873015873,0.982591876208897
"119447",201012090002,2010,"turkey","Middle East & North Africa",12703384,1,1,1,1,0.99985598525289,0,1,1,10.6970555938571,7,1000,0,0,0,0,0,9,0,517,12,504,61,63,0.476627257466316,0.981698041653633,32,104,104,2024,2474,0.285079365079365,0.41025641025641,36.0931046919727,70.715,24.9027043915453,41.1,29,"istanbul",0.822063492063492,0.747880591468431,0.98015873015873,0.982591876208897
"119449",201004130019,2010,"turkey","Middle East & North Africa",12703384,1,1,1,1,0.99985598525289,0,1,1,10.6970555938571,7,1000,0,0,0,0,0,9,0,517,12,504,61,63,0.476627257466316,0.981698041653633,32,104,104,2024,2474,0.285079365079365,0.41025641025641,36.0931046919727,70.715,24.9027043915453,41.1,29,"istanbul",0.822063492063492,0.747880591468431,0.98015873015873,0.982591876208897
"119445",200911290017,2009,"turkey","Middle East & North Africa",12231596,1,1,1,1,0.999856040538984,0,1,1,10.6970555938571,7,1000,0,0,0,0,0,9,0,517,12,504,61,63,0.476627257466316,0.981698041653633,32,104,104,1979.2,2418.6,0.285079365079365,0.41025641025641,35.3264254275763,70.141,24.478267675496,41.1,29,"istanbul",0.822063492063492,0.748010385885066,0.98015873015873,0.982591876208897
"118687",200904290026,2009,"turkey","Middle East & North Africa",1541762,0.126047529736096,1,1,0.996272134203169,0.994155245882759,1,0,0,1.08339132920756,9,1,0,0,0,0,0,176,0,517,6,504,63,63,0.536097831785677,0.981698041653633,41,87,104,171,2418.6,0.145695364238411,0.41025641025641,35.3264254275763,70.141,24.478267675496,39.93,32.85,"ankara",0.633079915984816,0.203570209724519,0.953182234432234,0.659574468085106
"119444",200904280009,2009,"turkey","Middle East & North Africa",12231596,1,1,1,1,0.999856040538984,0,1,1,10.6970555938571,0,1000,0,0,0,0,0,9,0,517,12,504,61,63,0.476627257466316,0.981698041653633,32,104,104,1979.2,2418.6,0.285079365079365,0.41025641025641,35.3264254275763,70.141,24.478267675496,41.1,29,"istanbul",0.822063492063492,0.748010385885066,0.98015873015873,0.982591876208897
"119442",200804040009,2008,"turkey","Middle East & North Africa",11777944,1,1,1,1,0.999856110967222,0,1,1,10.6970555938571,2,1,0,0,0,0,0,9,0,517,12,504,61,63,0.476627257466316,0.981698041653633,32,104,104,1934.4,2363.2,0.285079365079365,0.41025641025641,34.57517064491,69.562,24.0630081976018,41.1,29,"istanbul",0.822063492063492,0.748146265788058,0.98015873015873,0.982591876208897
"119443",200803300007,2008,"turkey","Middle East & North Africa",11777944,1,1,1,1,0.999856110967222,0,1,1,10.6970555938571,2,1000,0,0,0,0,0,9,0,517,12,504,61,63,0.476627257466316,0.981698041653633,32,104,104,1934.4,2363.2,0.285079365079365,0.41025641025641,34.57517064491,69.562,24.0630081976018,41.1,29,"istanbul",0.822063492063492,0.748146265788058,0.98015873015873,0.982591876208897
"119441",200801170001,2008,"turkey","Middle East & North Africa",11777944,1,1,1,1,0.999856110967222,0,1,1,10.6970555938571,0,1,0,0,0,0,0,9,0,517,12,504,61,63,0.476627257466316,0.981698041653633,32,104,104,1934.4,2363.2,0.285079365079365,0.41025641025641,34.57517064491,69.562,24.0630081976018,41.1,29,"istanbul",0.822063492063492,0.748146265788058,0.98015873015873,0.982591876208897
"118686",200709110001,2007,"turkey","Middle East & North Africa",1392231,0.122772432116687,1,1,0.996275605214153,0.994563289257942,1,0,0,1.08339132920756,7,1,0,0,0,0,0,176,0,517,6,504,63,63,0.536097831785677,0.981698041653633,41,87,104,167,2307.8,0.145695364238411,0.41025641025641,33.8381639378079,68.975,23.6567913947198,39.93,32.85,"ankara",0.63226200933271,0.204566948126954,0.953182234432234,0.659574468085106
"119439",200607040020,2006,"turkey","Middle East & North Africa",10918784,1,1,1,1,0.99984663605778,0,1,1,10.6970555938571,9,1000,0,0,0,0,0,9,0,517,12,504,61,63,0.476627257466316,0.981698041653633,32,104,104,1844.8,2252.4,0.285079365079365,0.41025641025641,33.1263943170972,68.382,23.2670677941058,41.1,29,"istanbul",0.822063492063492,0.748438078195605,0.98015873015873,0.982591876208897
"119440",200604100003,2006,"turkey","Middle East & North Africa",10918784,1,1,1,1,0.99984663605778,0,1,1,10.6970555938571,9,1,0,0,0,0,0,9,0,517,12,504,61,63,0.476627257466316,0.981698041653633,32,104,104,1844.8,2252.4,0.285079365079365,0.41025641025641,33.1263943170972,68.382,23.2670677941058,41.1,29,"istanbul",0.822063492063492,0.748438078195605,0.98015873015873,0.982591876208897
"119438",200604080005,2006,"turkey","Middle East & North Africa",10918784,1,1,1,1,0.99984663605778,0,1,1,10.6970555938571,7,1,0,0,0,0,0,9,0,517,12,504,61,63,0.476627257466316,0.981698041653633,32,104,104,1844.8,2252.4,0.285079365079365,0.41025641025641,33.1263943170972,68.382,23.2670677941058,41.1,29,"istanbul",0.822063492063492,0.748438078195605,0.98015873015873,0.982591876208897
"119585",200602210013,2006,"turkey","Middle East & North Africa",500110,0.0458027278209404,0,0,0.992551210428305,0.992446825845658,0,0,0,65.1210607981845,9,1000,0,0,0,0,0,4,0,517,27,504,56,63,0.61703643728495,0.981698041653633,0,22,104,117.2,2252.4,0.2,0.41025641025641,33.1263943170972,68.382,23.2670677941058,36.81,34.63,"mersin",0.481810706784534,0.240324026891428,0.748321123321123,0.992263056092843
"119437",200501270005,2005,"turkey","Middle East & North Africa",10513274,1,1,1,1,0.999837092971999,0,1,1,10.6970555938571,7,1000,0,0,0,0,0,9,0,517,12,504,61,63,0.476627257466316,0.981698041653633,32,104,104,1800,2197,0.285079365079365,0.41025641025641,32.4423617642736,67.783,22.8956215317593,41.1,29,"istanbul",0.822063492063492,0.748595022001138,0.98015873015873,0.982591876208897
"118685",200409280007,2004,"turkey","Middle East & North Africa",1191663,0.117714244917781,1,1,0.996282527881041,0.994778893316983,1,0,0,1.08339132920756,0,1000,0,0,0,0,0,176,0,517,6,504,63,63,0.536097831785677,0.981698041653633,41,87,104,160.6,2141.6,0.18978102189781,0.461538461538462,31.7873021925815,67.18,22.5429776957651,39.93,32.85,"ankara",0.630999193199705,0.222961300146042,0.953182234432234,0.659574468085106
"119435",200409280004,2004,"turkey","Middle East & North Africa",10123352,1,1,1,1,0.999837139791539,0,1,1,10.6970555938571,7,1,0,0,0,0,0,9,0,517,12,504,61,63,0.476627257466316,0.981698041653633,32,104,104,1755,2141.6,0.329394387001477,0.461538461538462,31.7873021925815,67.18,22.5429776957651,41.1,29,"istanbul",0.822063492063492,0.754346118575383,0.98015873015873,0.982591876208897
"118747",200409150002,2004,"turkey","Middle East & North Africa",591476,0.0584268969453402,1,1,0.996282527881041,0.994778893316983,0,0,0,0.798984217623895,9,1000,0,0,0,0,0,176,0,517,7,504,63,63,0.510755774848604,0.981698041653633,40,89,104,159.8,2141.6,0.182481751824818,0.461538461538462,31.7873021925815,67.18,22.5429776957651,39.9179,32.86268,"cankaya",0.613677356206595,0.215411191800103,0.956997863247863,0.659574468085106
"119436",200408090003,2004,"turkey","Middle East & North Africa",10123352,1,1,1,1,0.999837139791539,0,1,1,10.6970555938571,9,1,0,0,0,0,0,9,0,517,12,504,61,63,0.476627257466316,0.981698041653633,32,104,104,1755,2141.6,0.329394387001477,0.461538461538462,31.7873021925815,67.18,22.5429776957651,41.1,29,"istanbul",0.822063492063492,0.754346118575383,0.98015873015873,0.982591876208897
"119434",200405170002,2004,"turkey","Middle East & North Africa",10123352,1,1,1,1,0.999837139791539,0,1,1,10.6970555938571,7,1000,0,0,0,0,0,9,0,517,12,504,61,63,0.476627257466316,0.981698041653633,32,104,104,1755,2141.6,0.329394387001477,0.461538461538462,31.7873021925815,67.18,22.5429776957651,41.1,29,"istanbul",0.822063492063492,0.754346118575383,0.98015873015873,0.982591876208897
"118684",200405170001,2004,"turkey","Middle East & North Africa",1191663,0.117714244917781,1,1,0.996282527881041,0.994778893316983,1,0,0,1.08339132920756,7,1000,0,0,0,0,0,176,0,517,6,504,63,63,0.536097831785677,0.981698041653633,41,87,104,160.6,2141.6,0.18978102189781,0.461538461538462,31.7873021925815,67.18,22.5429776957651,39.93,32.85,"ankara",0.630999193199705,0.222961300146042,0.953182234432234,0.659574468085106
"119432",200303120005,2003,"turkey","Middle East & North Africa",9746876,1,1,1,1,0.999818052975313,0,1,1,10.6970555938571,9,1000,0,0,0,0,0,9,0,517,12,504,61,63,0.476627257466316,0.981698041653633,32,104,104,1710,2086.2,0.329394387001477,0.461538461538462,31.1541227237326,66.569,22.205261331024,41.1,29,"istanbul",0.822063492063492,0.754460940035667,0.98015873015873,0.982591876208897
"118683",200303040008,2003,"turkey","Middle East & North Africa",1130301,0.115965512281641,1,1,0.996285979572888,0.994819297876008,1,0,0,1.08339132920756,9,1000,0,0,0,0,0,176,0,517,6,504,63,63,0.536097831785677,0.981698041653633,41,87,104,158.2,2086.2,0.18978102189781,0.461538461538462,31.1541227237326,66.569,22.205261331024,39.93,32.85,"ankara",0.630562872963632,0.223465896818406,0.953182234432234,0.659574468085106
"119433",200302270003,2003,"turkey","Middle East & North Africa",9746876,1,1,1,1,0.999818052975313,0,1,1,10.6970555938571,2,1000,0,0,0,0,0,9,0,517,12,504,61,63,0.476627257466316,0.981698041653633,32,104,104,1710,2086.2,0.329394387001477,0.461538461538462,31.1541227237326,66.569,22.205261331024,41.1,29,"istanbul",0.822063492063492,0.754460940035667,0.98015873015873,0.982591876208897
"119431",200302270002,2003,"turkey","Middle East & North Africa",9746876,1,1,1,1,0.999818052975313,0,1,1,10.6970555938571,2,1000,0,0,0,0,0,9,0,517,12,504,61,63,0.476627257466316,0.981698041653633,32,104,104,1710,2086.2,0.329394387001477,0.461538461538462,31.1541227237326,66.569,22.205261331024,41.1,29,"istanbul",0.822063492063492,0.754460940035667,0.98015873015873,0.982591876208897
"119430",200302070003,2003,"turkey","Middle East & North Africa",9746876,1,1,1,1,0.999818052975313,0,1,1,10.6970555938571,9,1,0,0,0,0,0,9,0,517,12,504,61,63,0.476627257466316,0.981698041653633,32,104,104,1710,2086.2,0.329394387001477,0.461538461538462,31.1541227237326,66.569,22.205261331024,41.1,29,"istanbul",0.822063492063492,0.754460940035667,0.98015873015873,0.982591876208897
"118829",200301100008,2003,"turkey","Middle East & North Africa",375085,0.0384825952701937,0,0,0.988857938718663,0.990893072606439,0,0,0,131.542912638774,2,1000,0,0,0,0,0,114,0,517,3,504,58,63,0.660408425045014,0.981698041653633,0,22,104,49.6,2086.2,0.0416666666666667,0.461538461538462,31.1541227237326,66.569,22.205261331024,39.79,30.52,"eskisehir",0.486993863655944,0.108620557270825,0.780067155067155,0.779497098646035
"119426",200208270003,2002,"turkey","Middle East & North Africa",9384889,1,1,1,1,0.999818129606586,0,1,1,10.6970555938571,9,1000,0,0,0,0,0,9,0,517,12,504,61,63,0.476627257466316,0.981698041653633,32,104,104,1665,2030.8,0.329394387001477,0.461538461538462,30.5460095997835,65.953,21.8842795047999,41.1,29,"istanbul",0.822063492063492,0.754582026129495,0.98015873015873,0.982591876208897
"119428",200205130005,2002,"turkey","Middle East & North Africa",9384889,1,1,1,1,0.999818129606586,0,1,1,10.6970555938571,7,1,0,0,0,0,0,9,0,517,12,504,61,63,0.476627257466316,0.981698041653633,32,104,104,1665,2030.8,0.329394387001477,0.461538461538462,30.5460095997835,65.953,21.8842795047999,41.1,29,"istanbul",0.822063492063492,0.754582026129495,0.98015873015873,0.982591876208897
"119429",200205130004,2002,"turkey","Middle East & North Africa",9384889,1,1,1,1,0.999818129606586,0,1,1,10.6970555938571,7,1,0,0,0,0,0,9,0,517,12,504,61,63,0.476627257466316,0.981698041653633,32,104,104,1665,2030.8,0.329394387001477,0.461538461538462,30.5460095997835,65.953,21.8842795047999,41.1,29,"istanbul",0.822063492063492,0.754582026129495,0.98015873015873,0.982591876208897
"119427",200205040001,2002,"turkey","Middle East & North Africa",9384889,1,1,1,1,0.999818129606586,0,1,1,10.6970555938571,7,1,0,0,0,0,0,9,0,517,12,504,61,63,0.476627257466316,0.981698041653633,32,104,104,1665,2030.8,0.329394387001477,0.461538461538462,30.5460095997835,65.953,21.8842795047999,41.1,29,"istanbul",0.822063492063492,0.754582026129495,0.98015873015873,0.982591876208897
"119425",200202110003,2002,"turkey","Middle East & North Africa",9384889,1,1,1,1,0.999818129606586,0,1,1,10.6970555938571,9,1,0,0,0,0,0,9,0,517,12,504,61,63,0.476627257466316,0.981698041653633,32,104,104,1665,2030.8,0.329394387001477,0.461538461538462,30.5460095997835,65.953,21.8842795047999,41.1,29,"istanbul",0.822063492063492,0.754582026129495,0.98015873015873,0.982591876208897
"119423",200105070002,2001,"turkey","Middle East & North Africa",9036346,1,1,1,1,0.999818206173336,0,1,1,10.6970555938571,2,1,0,0,0,0,0,9,0,517,12,504,61,63,0.476627257466316,0.981698041653633,32,104,104,1620,1975.4,0.329394387001477,0.461538461538462,29.9597270196736,65.332,21.5777847684534,41.1,29,"istanbul",0.822063492063492,0.754709903930923,0.98015873015873,0.982591876208897
"119424",200104220001,2001,"turkey","Middle East & North Africa",9036346,1,1,1,1,0.999818206173336,0,1,1,10.6970555938571,7,1,0,0,0,0,0,9,0,517,12,504,61,63,0.476627257466316,0.981698041653633,32,104,104,1620,1975.4,0.329394387001477,0.461538461538462,29.9597270196736,65.332,21.5777847684534,41.1,29,"istanbul",0.822063492063492,0.754709903930923,0.98015873015873,0.982591876208897
"118682",200104090003,2001,"turkey","Middle East & North Africa",1015678,0.112399163103143,1,1,0.996285979572888,0.994890636661117,1,0,0,1.08339132920756,2,1,0,0,0,0,0,176,0,517,6,504,63,63,0.536097831785677,0.981698041653633,41,87,104,153.4,1975.4,0.18978102189781,0.461538461538462,29.9597270196736,65.332,21.5777847684534,39.93,32.85,"ankara",0.629671285669008,0.224559998502657,0.953182234432234,0.659574468085106
"119422",200102170005,2001,"turkey","Middle East & North Africa",9036346,1,1,1,1,0.999818206173336,0,1,1,10.6970555938571,2,1,0,0,0,0,0,9,0,517,12,504,61,63,0.476627257466316,0.981698041653633,32,104,104,1620,1975.4,0.329394387001477,0.461538461538462,29.9597270196736,65.332,21.5777847684534,41.1,29,"istanbul",0.822063492063492,0.754709903930923,0.98015873015873,0.982591876208897
"119421",200102170003,2001,"turkey","Middle East & North Africa",9036346,1,1,1,1,0.999818206173336,0,1,1,10.6970555938571,2,1,0,0,0,0,0,9,0,517,12,504,61,63,0.476627257466316,0.981698041653633,32,104,104,1620,1975.4,0.329394387001477,0.461538461538462,29.9597270196736,65.332,21.5777847684534,41.1,29,"istanbul",0.822063492063492,0.754709903930923,0.98015873015873,0.982591876208897
"119405",200012120001,2000,"turkey","Middle East & North Africa",8743868,1,1,1,1,0.999818247909851,0,1,1,10.6970555938571,9,1000,0,0,0,0,0,9,0,517,12,504,61,63,0.476627257466316,0.981698041653633,32,104,104,1575,1920,0.329394387001477,0.461538461538462,29.4671679386755,64.741,21.3787590900218,41.1,29,"istanbul",0.822063492063492,0.754845161347143,0.98015873015873,0.982591876208897
"119409",200012080006,2000,"turkey","Middle East & North Africa",8743868,1,1,1,1,0.999818247909851,0,1,1,10.6970555938571,7,1,0,0,0,0,0,9,0,517,12,504,61,63,0.476627257466316,0.981698041653633,32,104,104,1575,1920,0.329394387001477,0.461538461538462,29.4671679386755,64.741,21.3787590900218,41.1,29,"istanbul",0.822063492063492,0.754845161347143,0.98015873015873,0.982591876208897
"119404",200011150002,2000,"turkey","Middle East & North Africa",8743868,1,1,1,1,0.999818247909851,0,1,1,10.6970555938571,9,1,0,0,0,0,0,9,0,517,12,504,61,63,0.476627257466316,0.981698041653633,32,104,104,1575,1920,0.329394387001477,0.461538461538462,29.4671679386755,64.741,21.3787590900218,41.1,29,"istanbul",0.822063492063492,0.754845161347143,0.98015873015873,0.982591876208897
"119420",200011130006,2000,"turkey","Middle East & North Africa",8743868,1,1,1,1,0.999818247909851,0,1,1,10.6970555938571,7,1000,0,0,0,0,0,9,0,517,12,504,61,63,0.476627257466316,0.981698041653633,32,104,104,1575,1920,0.329394387001477,0.461538461538462,29.4671679386755,64.741,21.3787590900218,41.1,29,"istanbul",0.822063492063492,0.754845161347143,0.98015873015873,0.982591876208897
"119412",200011130005,2000,"turkey","Middle East & North Africa",8743868,1,1,1,1,0.999818247909851,0,1,1,10.6970555938571,7,1000,0,0,0,0,0,9,0,517,12,504,61,63,0.476627257466316,0.981698041653633,32,104,104,1575,1920,0.329394387001477,0.461538461538462,29.4671679386755,64.741,21.3787590900218,41.1,29,"istanbul",0.822063492063492,0.754845161347143,0.98015873015873,0.982591876208897
"119419",200011130003,2000,"turkey","Middle East & North Africa",8743868,1,1,1,1,0.999818247909851,0,1,1,10.6970555938571,7,1000,0,0,0,0,0,9,0,517,12,504,61,63,0.476627257466316,0.981698041653633,32,104,104,1575,1920,0.329394387001477,0.461538461538462,29.4671679386755,64.741,21.3787590900218,41.1,29,"istanbul",0.822063492063492,0.754845161347143,0.98015873015873,0.982591876208897
"119406",200010260003,2000,"turkey","Middle East & North Africa",8743868,1,1,1,1,0.999818247909851,0,1,1,10.6970555938571,9,1,0,0,0,0,0,9,0,517,12,504,61,63,0.476627257466316,0.981698041653633,32,104,104,1575,1920,0.329394387001477,0.461538461538462,29.4671679386755,64.741,21.3787590900218,41.1,29,"istanbul",0.822063492063492,0.754845161347143,0.98015873015873,0.982591876208897
"119414",200008190003,2000,"turkey","Middle East & North Africa",8743868,1,1,1,1,0.999818247909851,0,1,1,10.6970555938571,7,1,0,0,0,0,0,9,0,517,12,504,61,63,0.476627257466316,0.981698041653633,32,104,104,1575,1920,0.329394387001477,0.461538461538462,29.4671679386755,64.741,21.3787590900218,41.1,29,"istanbul",0.822063492063492,0.754845161347143,0.98015873015873,0.982591876208897
"119413",200008140004,2000,"turkey","Middle East & North Africa",8743868,1,1,1,1,0.999818247909851,0,1,1,10.6970555938571,0,1,0,0,0,0,0,9,0,517,12,504,61,63,0.476627257466316,0.981698041653633,32,104,104,1575,1920,0.329394387001477,0.461538461538462,29.4671679386755,64.741,21.3787590900218,41.1,29,"istanbul",0.822063492063492,0.754845161347143,0.98015873015873,0.982591876208897
"118681",200004030004,2000,"turkey","Middle East & North Africa",963070,0.110142289149412,1,1,0.996285979572888,0.994843980179456,1,0,0,1.08339132920756,7,1,0,0,0,0,0,176,0,517,6,504,63,63,0.536097831785677,0.981698041653633,41,87,104,151,1920,0.18978102189781,0.461538461538462,29.4671679386755,64.741,21.3787590900218,39.93,32.85,"ankara",0.629107067180575,0.225154403433304,0.953182234432234,0.659574468085106
"119417",200002100007,2000,"turkey","Middle East & North Africa",8743868,1,1,1,1,0.999818247909851,0,1,1,10.6970555938571,9,1,0,0,0,0,0,9,0,517,12,504,61,63,0.476627257466316,0.981698041653633,32,104,104,1575,1920,0.329394387001477,0.461538461538462,29.4671679386755,64.741,21.3787590900218,41.1,29,"istanbul",0.822063492063492,0.754845161347143,0.98015873015873,0.982591876208897
"119415",200002100005,2000,"turkey","Middle East & North Africa",8743868,1,1,1,1,0.999818247909851,0,1,1,10.6970555938571,0,1,0,0,0,0,0,9,0,517,12,504,61,63,0.476627257466316,0.981698041653633,32,104,104,1575,1920,0.329394387001477,0.461538461538462,29.4671679386755,64.741,21.3787590900218,41.1,29,"istanbul",0.822063492063492,0.754845161347143,0.98015873015873,0.982591876208897
"118871",200002020002,2000,"turkey","Middle East & North Africa",113279,0.0129553030613667,0,0,0.964716805942433,0.969149974172071,0,0,0,170.562152500266,9,1,0,0,0,0,0,102,0,517,5,504,49,63,0.729533435344695,0.981698041653633,0,13,104,53,1920,0.0784313725490196,0.461538461538462,29.4671679386755,64.741,21.3787590900218,37.77,30.55,"isparta",0.438862471695394,0.141856316895474,0.720734126984127,0.802707930367505
"119416",200001300003,2000,"turkey","Middle East & North Africa",8743868,1,1,1,1,0.999818247909851,0,1,1,10.6970555938571,7,1000,0,0,0,0,0,9,0,517,12,504,61,63,0.476627257466316,0.981698041653633,32,104,104,1575,1920,0.329394387001477,0.461538461538462,29.4671679386755,64.741,21.3787590900218,41.1,29,"istanbul",0.822063492063492,0.754845161347143,0.98015873015873,0.982591876208897
"119418",200001260008,2000,"turkey","Middle East & North Africa",8743868,1,1,1,1,0.999818247909851,0,1,1,10.6970555938571,9,1,0,0,0,0,0,9,0,517,12,504,61,63,0.476627257466316,0.981698041653633,32,104,104,1575,1920,0.329394387001477,0.461538461538462,29.4671679386755,64.741,21.3787590900218,41.1,29,"istanbul",0.822063492063492,0.754845161347143,0.98015873015873,0.982591876208897
"119411",200001260007,2000,"turkey","Middle East & North Africa",8743868,1,1,1,1,0.999818247909851,0,1,1,10.6970555938571,9,1000,0,0,0,0,0,9,0,517,12,504,61,63,0.476627257466316,0.981698041653633,32,104,104,1575,1920,0.329394387001477,0.461538461538462,29.4671679386755,64.741,21.3787590900218,41.1,29,"istanbul",0.822063492063492,0.754845161347143,0.98015873015873,0.982591876208897
"119408",200001160003,2000,"turkey","Middle East & North Africa",8743868,1,1,1,1,0.999818247909851,0,1,1,10.6970555938571,2,1000,0,0,0,0,0,9,0,517,12,504,61,63,0.476627257466316,0.981698041653633,32,104,104,1575,1920,0.329394387001477,0.461538461538462,29.4671679386755,64.741,21.3787590900218,41.1,29,"istanbul",0.822063492063492,0.754845161347143,0.98015873015873,0.982591876208897
"119410",200001090003,2000,"turkey","Middle East & North Africa",8743868,1,1,1,1,0.999818247909851,0,1,1,10.6970555938571,2,1,0,0,0,0,0,9,0,517,12,504,61,63,0.476627257466316,0.981698041653633,32,104,104,1575,1920,0.329394387001477,0.461538461538462,29.4671679386755,64.741,21.3787590900218,41.1,29,"istanbul",0.822063492063492,0.754845161347143,0.98015873015873,0.982591876208897
"119407",200001010009,2000,"turkey","Middle East & North Africa",8743868,1,1,1,1,0.999818247909851,0,1,1,10.6970555938571,7,1000,0,0,0,0,0,9,0,517,12,504,61,63,0.476627257466316,0.981698041653633,32,104,104,1575,1920,0.329394387001477,0.461538461538462,29.4671679386755,64.741,21.3787590900218,41.1,29,"istanbul",0.822063492063492,0.754845161347143,0.98015873015873,0.982591876208897
"119386",199912250001,1999,"turkey","Middle East & North Africa",8553323,1,1,1,1,0.999808742385556,0,1,1,10.6970555938571,2,1,0,0,0,1,1,9,0,517,12,504,61,63,0.476627257466316,0.981698041653633,32,104,104,1530.8,1865.6,0.37434554973822,0.509433962264151,29.1494512246758,64.223,21.3967757004647,41.1,29,"istanbul",0.822063492063492,0.761323429890737,0.98015873015873,0.982591876208897
"119400",199912190002,1999,"turkey","Middle East & North Africa",8553323,1,1,1,1,0.999808742385556,0,1,1,10.6970555938571,7,1000,0,0,0,1,1,9,0,517,12,504,61,63,0.476627257466316,0.981698041653633,32,104,104,1530.8,1865.6,0.37434554973822,0.509433962264151,29.1494512246758,64.223,21.3967757004647,41.1,29,"istanbul",0.822063492063492,0.761323429890737,0.98015873015873,0.982591876208897
"119397",199911180002,1999,"turkey","Middle East & North Africa",8553323,1,1,1,1,0.999808742385556,0,1,1,10.6970555938571,9,1,0,0,0,1,1,9,0,517,12,504,61,63,0.476627257466316,0.981698041653633,32,104,104,1530.8,1865.6,0.37434554973822,0.509433962264151,29.1494512246758,64.223,21.3967757004647,41.1,29,"istanbul",0.822063492063492,0.761323429890737,0.98015873015873,0.982591876208897
"119389",199910200002,1999,"turkey","Middle East & North Africa",8553323,1,1,1,1,0.999808742385556,0,1,1,10.6970555938571,9,1000,0,0,0,1,1,9,0,517,12,504,61,63,0.476627257466316,0.981698041653633,32,104,104,1530.8,1865.6,0.37434554973822,0.509433962264151,29.1494512246758,64.223,21.3967757004647,41.1,29,"istanbul",0.822063492063492,0.761323429890737,0.98015873015873,0.982591876208897
"118712",199910120008,1999,"turkey","Middle East & North Africa",8553323,1,1,1,1,0.999808742385556,0,0,1,10.7864158717174,2,1000,0,0,0,1,1,6,0,517,13,504,62,63,0.506526652939029,0.981698041653633,30,85,104,1388,1865.6,0.373076923076923,0.509433962264151,29.1494512246758,64.223,21.3967757004647,41.03903,28.85671,"bagcilar",0.821031746031746,0.717695787660906,0.937461843711844,0.988394584139265
"119398",199910060014,1999,"turkey","Middle East & North Africa",8553323,1,1,1,1,0.999808742385556,0,1,1,10.6970555938571,9,1000,0,0,0,1,1,9,0,517,12,504,61,63,0.476627257466316,0.981698041653633,32,104,104,1530.8,1865.6,0.37434554973822,0.509433962264151,29.1494512246758,64.223,21.3967757004647,41.1,29,"istanbul",0.822063492063492,0.761323429890737,0.98015873015873,0.982591876208897
"119393",199910060009,1999,"turkey","Middle East & North Africa",8553323,1,1,1,1,0.999808742385556,0,1,1,10.6970555938571,7,1000,0,0,0,1,1,9,0,517,12,504,61,63,0.476627257466316,0.981698041653633,32,104,104,1530.8,1865.6,0.37434554973822,0.509433962264151,29.1494512246758,64.223,21.3967757004647,41.1,29,"istanbul",0.822063492063492,0.761323429890737,0.98015873015873,0.982591876208897
"119399",199910060008,1999,"turkey","Middle East & North Africa",8553323,1,1,1,1,0.999808742385556,0,1,1,10.6970555938571,9,1,0,0,0,1,1,9,0,517,12,504,61,63,0.476627257466316,0.981698041653633,32,104,104,1530.8,1865.6,0.37434554973822,0.509433962264151,29.1494512246758,64.223,21.3967757004647,41.1,29,"istanbul",0.822063492063492,0.761323429890737,0.98015873015873,0.982591876208897
"119383",199910060007,1999,"turkey","Middle East & North Africa",8553323,1,1,1,1,0.999808742385556,0,1,1,10.6970555938571,9,1000,0,0,0,1,1,9,0,517,12,504,61,63,0.476627257466316,0.981698041653633,32,104,104,1530.8,1865.6,0.37434554973822,0.509433962264151,29.1494512246758,64.223,21.3967757004647,41.1,29,"istanbul",0.822063492063492,0.761323429890737,0.98015873015873,0.982591876208897
"119387",199909280002,1999,"turkey","Middle East & North Africa",8553323,1,1,1,1,0.999808742385556,0,1,1,10.6970555938571,9,1000,0,0,0,1,1,9,0,517,12,504,61,63,0.476627257466316,0.981698041653633,32,104,104,1530.8,1865.6,0.37434554973822,0.509433962264151,29.1494512246758,64.223,21.3967757004647,41.1,29,"istanbul",0.822063492063492,0.761323429890737,0.98015873015873,0.982591876208897
"119378",199909280001,1999,"turkey","Middle East & North Africa",8553323,1,1,1,1,0.999808742385556,0,1,1,10.6970555938571,9,1000,0,0,0,1,1,9,0,517,12,504,61,63,0.476627257466316,0.981698041653633,32,104,104,1530.8,1865.6,0.37434554973822,0.509433962264151,29.1494512246758,64.223,21.3967757004647,41.1,29,"istanbul",0.822063492063492,0.761323429890737,0.98015873015873,0.982591876208897
"119395",199907140004,1999,"turkey","Middle East & North Africa",8553323,1,1,1,1,0.999808742385556,0,1,1,10.6970555938571,7,1000,0,0,0,1,1,9,0,517,12,504,61,63,0.476627257466316,0.981698041653633,32,104,104,1530.8,1865.6,0.37434554973822,0.509433962264151,29.1494512246758,64.223,21.3967757004647,41.1,29,"istanbul",0.822063492063492,0.761323429890737,0.98015873015873,0.982591876208897
"119401",199907140003,1999,"turkey","Middle East & North Africa",8553323,1,1,1,1,0.999808742385556,0,1,1,10.6970555938571,7,1000,0,0,0,1,1,9,0,517,12,504,61,63,0.476627257466316,0.981698041653633,32,104,104,1530.8,1865.6,0.37434554973822,0.509433962264151,29.1494512246758,64.223,21.3967757004647,41.1,29,"istanbul",0.822063492063492,0.761323429890737,0.98015873015873,0.982591876208897
"119576",199904160002,1999,"turkey","Middle East & North Africa",8553323,1,1,1,1,0.999808742385556,0,0,1,16.867195625367,9,1000,0,0,0,1,1,6,0,517,40,504,60,63,0.486271250792987,0.981698041653633,25,60,104,1087.2,1865.6,0.365079365079365,0.509433962264151,29.1494512246758,64.223,21.3967757004647,40.93567,29.15507,"maltepe",0.800595238095238,0.614181817069121,0.842643467643468,0.988394584139265
"119380",199903280005,1999,"turkey","Middle East & North Africa",8553323,1,1,1,1,0.999808742385556,0,1,1,10.6970555938571,9,1000,0,0,0,1,1,9,0,517,12,504,61,63,0.476627257466316,0.981698041653633,32,104,104,1530.8,1865.6,0.37434554973822,0.509433962264151,29.1494512246758,64.223,21.3967757004647,41.1,29,"istanbul",0.822063492063492,0.761323429890737,0.98015873015873,0.982591876208897
"119391",199903270002,1999,"turkey","Middle East & North Africa",8553323,1,1,1,1,0.999808742385556,0,1,1,10.6970555938571,7,1000,0,0,0,1,1,9,0,517,12,504,61,63,0.476627257466316,0.981698041653633,32,104,104,1530.8,1865.6,0.37434554973822,0.509433962264151,29.1494512246758,64.223,21.3967757004647,41.1,29,"istanbul",0.822063492063492,0.761323429890737,0.98015873015873,0.982591876208897
"119375",199903230003,1999,"turkey","Middle East & North Africa",8553323,1,1,1,1,0.999808742385556,0,1,1,10.6970555938571,9,1000,0,0,0,1,1,9,0,517,12,504,61,63,0.476627257466316,0.981698041653633,32,104,104,1530.8,1865.6,0.37434554973822,0.509433962264151,29.1494512246758,64.223,21.3967757004647,41.1,29,"istanbul",0.822063492063492,0.761323429890737,0.98015873015873,0.982591876208897
"119379",199903180004,1999,"turkey","Middle East & North Africa",8553323,1,1,1,1,0.999808742385556,0,1,1,10.6970555938571,9,1000,0,0,0,1,1,9,0,517,12,504,61,63,0.476627257466316,0.981698041653633,32,104,104,1530.8,1865.6,0.37434554973822,0.509433962264151,29.1494512246758,64.223,21.3967757004647,41.1,29,"istanbul",0.822063492063492,0.761323429890737,0.98015873015873,0.982591876208897
"119377",199903180003,1999,"turkey","Middle East & North Africa",8553323,1,1,1,1,0.999808742385556,0,1,1,10.6970555938571,9,1000,0,0,0,1,1,9,0,517,12,504,61,63,0.476627257466316,0.981698041653633,32,104,104,1530.8,1865.6,0.37434554973822,0.509433962264151,29.1494512246758,64.223,21.3967757004647,41.1,29,"istanbul",0.822063492063492,0.761323429890737,0.98015873015873,0.982591876208897
"119376",199903180001,1999,"turkey","Middle East & North Africa",8553323,1,1,1,1,0.999808742385556,0,1,1,10.6970555938571,0,1000,0,0,0,1,1,9,0,517,12,504,61,63,0.476627257466316,0.981698041653633,32,104,104,1530.8,1865.6,0.37434554973822,0.509433962264151,29.1494512246758,64.223,21.3967757004647,41.1,29,"istanbul",0.822063492063492,0.761323429890737,0.98015873015873,0.982591876208897
"119396",199903140008,1999,"turkey","Middle East & North Africa",8553323,1,1,1,1,0.999808742385556,0,1,1,10.6970555938571,2,1,0,0,0,1,1,9,0,517,12,504,61,63,0.476627257466316,0.981698041653633,32,104,104,1530.8,1865.6,0.37434554973822,0.509433962264151,29.1494512246758,64.223,21.3967757004647,41.1,29,"istanbul",0.822063492063492,0.761323429890737,0.98015873015873,0.982591876208897
"119385",199903140006,1999,"turkey","Middle East & North Africa",8553323,1,1,1,1,0.999808742385556,0,1,1,10.6970555938571,7,1,0,0,0,1,1,9,0,517,12,504,61,63,0.476627257466316,0.981698041653633,32,104,104,1530.8,1865.6,0.37434554973822,0.509433962264151,29.1494512246758,64.223,21.3967757004647,41.1,29,"istanbul",0.822063492063492,0.761323429890737,0.98015873015873,0.982591876208897
"119384",199903140005,1999,"turkey","Middle East & North Africa",8553323,1,1,1,1,0.999808742385556,0,1,1,10.6970555938571,9,1000,0,0,0,1,1,9,0,517,12,504,61,63,0.476627257466316,0.981698041653633,32,104,104,1530.8,1865.6,0.37434554973822,0.509433962264151,29.1494512246758,64.223,21.3967757004647,41.1,29,"istanbul",0.822063492063492,0.761323429890737,0.98015873015873,0.982591876208897
"118680",199903070002,1999,"turkey","Middle East & North Africa",914451,0.106911820183019,1,1,0.996289424860853,0.994902984575073,1,0,0,1.08339132920756,9,1000,0,0,0,1,1,176,0,517,6,504,63,63,0.536097831785677,0.981698041653633,41,87,104,148.2,1865.6,0.227642276422764,0.509433962264151,29.1494512246758,64.223,21.3967757004647,39.93,32.85,"ankara",0.628300311260968,0.236328196683757,0.953182234432234,0.659574468085106
"119388",199903060004,1999,"turkey","Middle East & North Africa",8553323,1,1,1,1,0.999808742385556,0,1,1,10.6970555938571,7,1000,0,0,0,1,1,9,0,517,12,504,61,63,0.476627257466316,0.981698041653633,32,104,104,1530.8,1865.6,0.37434554973822,0.509433962264151,29.1494512246758,64.223,21.3967757004647,41.1,29,"istanbul",0.822063492063492,0.761323429890737,0.98015873015873,0.982591876208897
"119402",199903060003,1999,"turkey","Middle East & North Africa",8553323,1,1,1,1,0.999808742385556,0,1,1,10.6970555938571,7,1000,0,0,0,1,1,9,0,517,12,504,61,63,0.476627257466316,0.981698041653633,32,104,104,1530.8,1865.6,0.37434554973822,0.509433962264151,29.1494512246758,64.223,21.3967757004647,41.1,29,"istanbul",0.822063492063492,0.761323429890737,0.98015873015873,0.982591876208897
"119381",199903040002,1999,"turkey","Middle East & North Africa",8553323,1,1,1,1,0.999808742385556,0,1,1,10.6970555938571,9,1000,0,0,0,1,1,9,0,517,12,504,61,63,0.476627257466316,0.981698041653633,32,104,104,1530.8,1865.6,0.37434554973822,0.509433962264151,29.1494512246758,64.223,21.3967757004647,41.1,29,"istanbul",0.822063492063492,0.761323429890737,0.98015873015873,0.982591876208897
"119392",199903030008,1999,"turkey","Middle East & North Africa",8553323,1,1,1,1,0.999808742385556,0,1,1,10.6970555938571,7,1,0,0,0,1,1,9,0,517,12,504,61,63,0.476627257466316,0.981698041653633,32,104,104,1530.8,1865.6,0.37434554973822,0.509433962264151,29.1494512246758,64.223,21.3967757004647,41.1,29,"istanbul",0.822063492063492,0.761323429890737,0.98015873015873,0.982591876208897
"119382",199903030007,1999,"turkey","Middle East & North Africa",8553323,1,1,1,1,0.999808742385556,0,1,1,10.6970555938571,9,1000,0,0,0,1,1,9,0,517,12,504,61,63,0.476627257466316,0.981698041653633,32,104,104,1530.8,1865.6,0.37434554973822,0.509433962264151,29.1494512246758,64.223,21.3967757004647,41.1,29,"istanbul",0.822063492063492,0.761323429890737,0.98015873015873,0.982591876208897
"119403",199903030006,1999,"turkey","Middle East & North Africa",8553323,1,1,1,1,0.999808742385556,0,1,1,10.6970555938571,9,1000,0,0,0,1,1,9,0,517,12,504,61,63,0.476627257466316,0.981698041653633,32,104,104,1530.8,1865.6,0.37434554973822,0.509433962264151,29.1494512246758,64.223,21.3967757004647,41.1,29,"istanbul",0.822063492063492,0.761323429890737,0.98015873015873,0.982591876208897
"119394",199903030005,1999,"turkey","Middle East & North Africa",8553323,1,1,1,1,0.999808742385556,0,1,1,10.6970555938571,9,1000,0,0,0,1,1,9,0,517,12,504,61,63,0.476627257466316,0.981698041653633,32,104,104,1530.8,1865.6,0.37434554973822,0.509433962264151,29.1494512246758,64.223,21.3967757004647,41.1,29,"istanbul",0.822063492063492,0.761323429890737,0.98015873015873,0.982591876208897
"119390",199903030003,1999,"turkey","Middle East & North Africa",8553323,1,1,1,1,0.999808742385556,0,1,1,10.6970555938571,9,1000,0,0,0,1,1,9,0,517,12,504,61,63,0.476627257466316,0.981698041653633,32,104,104,1530.8,1865.6,0.37434554973822,0.509433962264151,29.1494512246758,64.223,21.3967757004647,41.1,29,"istanbul",0.822063492063492,0.761323429890737,0.98015873015873,0.982591876208897
"118746",199903010002,1999,"turkey","Middle East & North Africa",474971,0.0555306235863767,1,1,0.995361781076067,0.994721289841352,0,0,0,2.23514688396873,9,1000,0,0,0,1,1,20,0,517,2,504,56,63,0.677416410923006,0.981698041653633,17,38,104,185.4,1865.6,0.310344827586207,0.509433962264151,29.1494512246758,64.223,21.3967757004647,40.2,29.08,"bursa",0.527445323387833,0.311390110032828,0.811584249084249,0.961315280464217
"119374",199809190001,1998,"turkey","Middle East & North Africa",8367184,1,1,1,1,0.999808808205952,0,1,1,10.6970555938571,9,1,0,0,0,1,0,9,0,517,12,504,61,63,0.476627257466316,0.981698041653633,32,104,104,1486.6,1811.2,0.37434554973822,0.509433962264151,28.8461263683405,63.703,21.4240139556445,41.1,29,"istanbul",0.822063492063492,0.761468325914108,0.98015873015873,0.982591876208897
