"","lon","lat","CityGTD","fake"
"226",35.2136806,31.7721276,"jerusalem",1
"228",46.083333,13.933333,"mudiyah",1
"229",65.5707852,32.640755,"dehrahwod",1
"230",65.054246,31.6230363,"maywand",1
"231",-75.671242,7.893227,"puertolibertador",1
"232",15.291944,-4.267778,"brazzaville",1
"233",28.566667,3.616667,"dungu",1
"234",-77.0469214,38.8048355,"johannesburg",1
"235",-88.0448669,13.89357,"joateca",1
"236",-89.9253233,14.1930802,"jutiapa",1
"237",-89.166667,14.316667,"lapalma",1
"238",-88.45,13.6,"nuevagranada",1
"239",-88.485189,13.8242243,"nuevoedendesanjuan",1
"240",-88.783333,13.683333,"sanestebancatarina",1
"241",8.738417,42.0665819,"tiuccia",1
"242",84.8567932,26.6098139,"eastchamparan",1
"243",91.7362365,26.1445169,"gauhati",1
"244",43.798333,34.4575,"dowr",1
"246",43.7776888,35.2386878,"husseiniyah",1
"247",44.0627452,34.0100968,"ishaqi",1
"249",34.497675,31.47268,"nahaloz",1
"250",40.314,0.051,"dadaab",1
"251",40.872,0.352,"liboi",1
"252",85.0649071,27.1341114,"bara",1
"253",-86.195278,12.931944,"lima",1
"255",67.1318397,24.8256705,"korangi",1
"256",62.0340963,26.1120526,"mand",1
"257",155.1907309,-6.053602,"bougainvilleisland",1
"258",-70.3219334,-15.6505624,"cabana",1
"259",-77.1259843,-12.0508491,"elcallao",1
"260",121.1252135,5.9691815,"joloisland",1
"261",42.073333,0.515556,"afmadow",1
"262",30.8958242,-28.5305539,"natal",1
"263",28.2075,-26.358333,"vosloorus",1
"264",80.1875065,7.5869294,"kurunegalaregion",1
"265",-6.97469,54.41336,"aughnacloy",1
"266",-7.02819,54.46275,"ballygawley",1
"267",-8.09252,54.48001,"belleek",1
"268",-6.0072184,54.5498161,"dunmurry",1
"271",62.933333,33.65,"andar",1
"272",70.1217652,33.509963,"bak",1
"273",68.8108849,36.6306054,"chahardara",1
"275",65.5707852,31.7880105,"khakrez",1
"276",62.7897132,31.528143,"khashrod",1
"278",68.7631916,33.8955188,"saydabad",1
"279",69.989929,33.45715,"yaqubi",1
"280",5.6,36.766667,"elaouana",1
"281",3.683333,36.533333,"kadiria",1
"282",19.966667,-13.65,"venda",1
"283",-70.766667,-33.516667,"maipu",1
"285",-73.8419063,0.869892,"caquetaintendency",1
"286",-69.74533,3.58583,"codazzi",1
"287",-73.6536209,6.6437076,"santander",1
"288",29.45,-1.183333,"rutshuru",1
"289",-88.749444,14.093889,"arcatao",1
"291",-88.1401188,13.790003,"deliciasdeconcepcion",1
"292",-89.0728633,14.1070716,"elparaiso",1
"293",-88.9425836,14.1631729,"lalaguna",1
"294",-88.15,13.85,"meanguera",1
"295",-88.5,13.566667,"mercedesumana",1
"296",-88.573121,13.417486,"sanfranciscojavier",1
"297",-88.9401893,14.0092855,"sanmigueldemercedes",1
"300",74.6868815,34.5052269,"bandipora",1
"301",84.1857115,19.1912221,"gajapati",1
"302",88.2788511,26.8821382,"kurseong",1
"303",92.8577105,26.6738851,"sonitpor",1
"304",97.6114217,4.5224111,"eastacehregency",1
"305",41.716667,36.05,"baaj",1
"306",44.2159065,34.0591105,"dhuluiyah",1
"308",43.683333,33.396389,"saqlawiah",1
"309",20.8659995,42.8913909,"kosovskamitrovica",1
"310",66.075,29.4827778,"dasht",1
"311",71.4,34.321111,"ghalanai",1
"312",70.114444,32.333056,"jandola",1
"313",72.4687152,34.9370602,"khwazakhela",1
"315",71.845274,34.1611735,"sardheri",1
"316",66.3706084,27.3405051,"wadh",1
"317",-74.0667302,-13.7543026,"huancapi",1
"318",-73.1333333,-13.3833333,"huayllapata",1
"319",44.0793911,2.7991084,"burhakaba",1
"320",28.167222,-26.217778,"germiston",1
"322",2.6501603,39.5696005,"palmademallorca",1
"323",80.2962385,8.6655956,"cheddikulam",1
"324",80.4166667,9.5166667,"elephantpass",1
"325",81.2684019,8.4579065,"mutur",1
"326",24.6638251,14.2025174,"alkutum",1
"327",36.106111,32.625278,"daraa",1
"328",101.5475409,6.5930213,"kapho",1
"329",101.4850309,6.8626241,"panare",1
"330",-5.9843935,54.56078,"finaghy",1
"331",-5.9630029,54.677663,"glengormley",1
"332",-5.9878052,54.6292101,"ligoniel",1
"333",-112.0740373,33.4483771,"durban",1
"336",66.05,32.847222,"chora",1
"337",65.6242603,31.6114496,"dand",1
"338",69.8833329,33.3,"gorbaz",1
"339",65.049683,32.270119,"kajaki",1
"340",66.712915,33.0409796,"khasuruzgan",1
"341",68.7,35.95,"pulikhumri",1
"343",13.7319338,-12.4706144,"biopiodam",1
"344",50.6119597,26.162718,"sitra",1
"345",-70.641997,-33.4691199,"southofsantiago",1
"346",-75.3412179,7.1986064,"antioquiap",1
"347",-76.522222,3.420556,"santiagodecali",1
"349",-88.1327991,13.9203429,"arambala",1
"350",-88.9575449,14.1378221,"comalapa",1
"351",-88.1,13.7,"sanfranciscogotera",1
"352",-89.1729807,14.3341209,"sanignacio",1
"353",-88.9234254,13.5023571,"sanrafaelobrajuelo",1
"354",-88.9820696,13.7413116,"santacruzmichapa",1
"355",-88.8563016,13.7190461,"santodomingo",1
"356",-77.0079141,-12.0667244,"villavictoria",1
"357",-88.1266983,13.7652858,"yoloaiquin",1
"358",-90.796127,15.35137,"sanmigueluspantan",1
"359",94.0006003,24.3262003,"chandel",1
"360",93.8858955,24.7827837,"imphalwest",1
"361",76.8259652,34.1490875,"kashmir",1
"362",94.0265,25.2727,"senapati",1
"363",93.495292,24.9879342,"tamenglong",1
"365",45.283333,31.316667,"assamawahh",1
"366",43,36.866667,"duhok",1
"367",44.5407761,33.2231139,"jisrdiyala",1
"368",43.683333,33.396389,"saqlawiyah",1
"369",35.110222,32.483503,"erezcrossing",1
"370",34.904856,31.391171,"eshkolot",1
"371",86.0121573,26.8350474,"dhanusha",1
"372",85.8230251,26.6943279,"mahottari",1
"373",87.1821709,26.6275522,"sunsari",1
"374",-85.9445064,13.3480867,"pantasma",1
"375",-86.1662742,13.5448074,"sanjuandelriococo",1
"376",68.2743064,25.4168681,"jamshoro",1
"377",71.1270268,32.8555005,"maidan",1
"378",72.558932,34.404932,"nawagai",1
"379",71.840833,34.828056,"timergara",1
"380",-76.3637285,-12.9050867,"canete",1
"382",124.883333,6.95,"mlang",1
"383",124.4198243,6.5069401,"sultankudarat",1
"384",-14.9375102,12.8910454,"casamance",1
"385",43.9436788,4.7465849,"ceelbarde",1
"386",46.386111,5.535,"dhusamareb",1
"388",81.5102655,7.8677797,"kiran",1
"389",80.4451687,9.1369885,"mankulam",1
"390",80.05,8.8333333,"murunkan",1
"391",81.8306334,6.8752706,"pottuvil",1
"392",81.5246705,7.9213276,"valachchenai",1
"393",100.5536063,14.6210834,"choirong",1
"394",36.166667,36.2,"hatay",1
"395",-7.0755,54.68872,"greencastle",1
"396",69.273331,34.944168,"bagramairfield",1
"397",69.2817936,32.7156593,"barmal",1
"399",68.6678026,34.472681,"jalrez",1
"400",67.042618,31.57276,"maruf",1
"401",69.0985132,34.2148005,"muhammadagha",1
"402",69.7167783,33.3773561,"nadirshahkot",1
"404",70.3598758,34.4064269,"surkhrod",1
"405",69.1268263,32.8615132,"urgun",1
"406",3.5,36.733333,"tidjelabine",1
"407",4.4386329,36.7339217,"yakouren",1
"408",91.855002,21.8151944,"alkutubdia",1
"409",-46.6333094,-23.5505199,"saopaolo",1
"410",29.3061576,-3.193543,"gihanga",1
"411",102.566667,13.65,"poipet",1
"412",-76.5618277,7.2695925,"pavarando",1
"413",-74.75,7.25,"sergovia",1
"414",28.866667,-2.5,"bukavu",1
"415",27.479444,-11.664722,"lubumbashi",1
"416",28.0742249,-1.4296737,"walikale",1
"418",-88.566667,13.783333,"dolores",1
"419",-90.0314865,13.7129867,"elzapote",1
"420",-98.1363152,19.0718332,"guadalupe",1
"421",-88.5,13.416667,"gualache",1
"422",-88.8922742,14.1803778,"ojosdeagua",1
"423",-88.8922742,13.9655539,"potonico",1
"424",-88.6813935,13.6537746,"sanfelipe",1
"425",-89.7837404,14.0260037,"sanlorenzodam",1
"426",-88.8706944,13.6438499,"verapaz",1
"427",41.5438889,11.2452778,"asmara",1
"428",-90.1922,14.795,"sanaarate",1
"429",79.7399875,15.9128998,"andhrapradesh",1
"430",77.8513786,27.7362406,"baksa",1
"431",78.8410956,24.9430223,"bigha",1
"432",74.6400432,33.9348549,"budgam",1
"433",88.2636394,22.5957689,"howrah",1
"434",93.9674371,24.7806536,"imphaleast",1
"435",81.4272116,17.8364794,"kalimela",1
"436",88.47,27.06,"kalimpong",1
"437",74.9048006,34.2632158,"kangan",1
"438",86.4187308,22.0086978,"mayurbhanj",1
"439",94.3013043,24.251281,"moreh",1
"440",77.2207238,28.6322444,"newdehli",1
"441",86.0121573,22.8561261,"seraikelakharsawan",1
"442",91.9881527,23.9408482,"tripura",1
"443",44.7732994,33.9272709,"abusaydah",1
"444",41.916667,34.468611,"anahh",1
"445",44.5078005,33.7821984,"habhab",1
"447",44.85376,33.67263,"kanan",1
"448",44.1833333,35.5,"qaratapa",1
"449",44.0877118,35.1358494,"rashad",1
"450",44.583333,33.1,"salmanbak",1
"451",35.5876697,32.8244805,"galilee",1
"452",34.284559,31.228281,"keremshalom",1
"453",35.5973754,33.810054,"aley",1
"454",35.6389244,33.9877002,"jounieh",1
"455",35.5931397,33.3579247,"marjayoun",1
"456",15.092017,32.377533,"misrata",1
"457",116.0753199,5.9788398,"sabah",1
"458",83.3789389,27.6264239,"rupandehi",1
"459",-83.7763416,11.5131021,"puntagorda",1
"460",-84.7733325,11.478161,"riosanjuan",1
"461",14.1524147,11.255801,"banki",1
"462",5.18708,5.613867,"escravos",1
"463",14.0394308,12.223953,"gamborungala",1
"464",72.4860955,33.7978438,"ladha",1
"465",71.2963889,34.8777778,"lakaro",1
"466",69.829959,32.6895877,"razmak",1
"467",71.4867333,33.9378609,"sarband",1
"469",71.1047,34.1202,"torkham",1
"470",-78.1414598,-7.7865645,"sanaagoran",1
"471",124.366667,7.516667,"buldon",1
"472",124.183889,7.188889,"dinaig",1
"473",122.9082384,9.8245918,"negrosisland",1
"474",-13.234444,8.484444,"freetowntown",1
"475",45.3862889,2.3583953,"balcad",1
"476",42.283333,2.333333,"bardera",1
"478",27.8765626,-26.2026186,"meadowlands",1
"479",-2.3523692,43.296302,"deva",1
"480",81.2491298,7.9459654,"welikanda",1
"481",71.5545911,37.5031813,"khorog",1
"483",-6.39423,54.19566,"bessbrook",1
"484",-6.92778,54.5439,"cappagh",1
"485",-6.57582,54.08657,"creggan",1
"486",-7.57145,54.19624,"derrylin",1
"487",-6.60069,54.41064,"loughgall",1
"488",0.0500423,52.4546759,"markethill",1
"489",-6.84091,54.29351,"middletown",1
"490",-6.65161,54.34875,"southarmagh",1
"495",67.7811111,33.1044444,"abband",1
"496",70.6961111,34.0538889,"abdulkhel",1
"497",70.4788937,34.7881047,"alingar",1
"498",70.0979491,34.8090546,"alishing",1
"499",64.5333,35.8464,"almar",1
"500",71.2874209,35.7244483,"bargimatal",1
"501",70.4848439,34.4538134,"behsud",1
"502",69.0493364,33.6904981,"charkh",1
"503",71.2755422,34.9282837,"marawara",1
"504",64.116667,31.516667,"marja",1
"505",69.7882627,33.5399109,"musakhel",1
"506",67.237117,36.2035342,"sholgara",1
"507",69.516667,36.716667,"taluqan",1
"508",69.183869,34.536116,"wazirakbarkhan",1
"509",69.0314536,33.4358885,"zurmat",1
"510",4.261944,36.335833,"ahnif",1
"511",3.8947975,36.5504491,"ainzaouia",1
"512",4.661944,36.8825,"beniksila",1
"515",3.814444,36.806667,"ouledaissa",1
"516",18.783333,44.833333,"omerbegovaca",1
"517",29.3598782,-3.4502773,"kanyosha",1
"519",-75.8054552,7.1885428,"lahormiga",1
"520",-72.8988069,7.9462831,"nortedesantander",1
"521",-74.1320705,4.5826131,"samore",1
"522",-73.4460123,4.2320625,"tierraalta",1
"525",-88.4863991,13.5073403,"alegria",1
"526",-88.2166667,13.7666667,"cerrocacahuatique",1
"528",-89.3914251,13.7368599,"ellimon",1
"529",-88.1181559,13.5438827,"latrinidad",1
"530",-87.8979248,13.8025442,"lislique",1
"531",-88.7884686,14.0731548,"nuevatrinidad",1
"532",-88.383412,13.5399448,"sanbuenaventura",1
"533",-88.4076664,13.8092506,"sangerardo",1
"534",-88.7036731,13.4334131,"sannicolaslempa",1
"535",-88.1766993,13.6657907,"yamabal",1
"536",9.2633141,41.3686469,"iledecavallo",1
"537",8.929852,42.6042,"santareparatadibalagna",1
"538",9.399654,41.857045,"solenzara",1
"539",9.0128926,42.0396042,"southerncorsica",1
"540",23.804931,38.0422482,"maroussi",1
"541",-90.535278,14.613333,"gc",1
"542",-91.9209164,14.7922776,"nuevoprogresso",1
"543",75.0173035,33.9250392,"awantipora",1
"544",90.6939122,26.5386619,"chirang",1
"545",81.3839326,18.8456296,"dantewara",1
"546",91.5983959,26.3160819,"kamrup",1
"547",74.9238001,34.0060098,"pampore",1
"548",84.6250199,26.0502233,"saran",1
"549",126.45,-8.466667,"baucau",1
"551",46.9861647,35.3218748,"sanaandaj",1
"552",42.55,33.85,"albaghdadi",1
"553",45.6089774,32.5196997,"alhussainiyah",1
"554",44.533333,33.6666669,"amiriyah",1
"555",43.798333,34.4575,"dawr",1
"556",42.617222,33.591667,"kubaysah",1
"557",44.1577866,33.4627074,"sabaalbor",1
"558",35.0999042,31.5798898,"halhoul",1
"559",34.844675,32.162413,"herzliya",1
"560",34.758355,32.049357,"jaffa",1
"561",35.570246,33.207933,"kiryatshmona",1
"562",12.278939,41.733244,"ostia",1
"563",21.4201362,42.4219233,"cerrnice",1
"564",21.1956273,42.9107754,"podujevava",1
"565",35.4210971,33.1590379,"beityahoun",1
"566",35.4954794,33.8886289,"beruit",1
"568",14.25,-17.9833333,"ovambo",1
"570",87.460397,26.6799002,"morang",1
"572",11.961111,11.744444,"damatura",1
"573",65.2307964,26.4583879,"awaran",1
"574",70.96598,33.7423875,"kalaya",1
"575",69.4816667,28.7936111,"shakai",1
"576",70.5136496,33.8679869,"tirah",1
"577",-79.016667,9.116667,"altobayano",1
"579",-75.5075,-9.036944,"aguaytia",1
"580",-74.128227,-13.6289,"cangallo",1
"581",-76.136711,-13.42553,"chincha",1
"582",-76.5784427,-11.9095906,"corcona",1
"584",-77.396389,-10.403611,"ocros",1
"585",-74.139107,-13.05526,"quinua",1
"586",-74.343857,-13.24994,"vinchos",1
"587",120.7982528,17.5951122,"abra",1
"588",122.0232408,6.6929389,"basilan",1
"589",122.0232408,6.6929389,"basilanisland",1
"590",121.0359174,14.5794443,"mandaluyong",1
"591",124.25,7.466667,"matanog",1
"592",123.85,8.15,"ozamis",1
"593",126.1562026,7.2552217,"pantukan",1
"594",42.2189781,3.3304072,"garbahaareey",1
"595",28.699391,-26.1044823,"botleng",1
"596",28.425,-26.138611,"daveyton",1
"597",29.8779044,-29.931563,"donnybrook",1
"598",27.4,-32.883333,"kingwilliamstown",1
"599",28.4002447,-26.2863716,"kwathema",1
"600",30.8958242,-28.5305539,"kwazulunatal",1
"601",26.816667,-26.316667,"ventersdorf",1
"602",-2.3109203,43.1776439,"azcoitia",1
"603",-2.3315143,43.0523571,"legazpia",1
"604",2.0088747,41.563211,"tarrasa",1
"605",-2.9026256,43.4129291,"urizardelemoniz",1
"606",80.5596582,6.3424847,"deniyaya",1
"607",81.0069928,8.3512634,"kantalai",1
"608",79.810063,9.0828304,"pesalai",1
"609",81.1967958,8.5922,"tricomalee",1
"610",25.35,13.630556,"alfashir",1
"611",101.5020752,6.1757842,"sisakhon",1
"612",101.7297338,6.2977641,"tanyongmas",1
"613",-5.916196,54.5745658,"ballynafeigh",1
"614",-7.871449,54.2964532,"belcoo",1
"615",-6.58726,54.13077,"cullyhanna",1
"616",-6.52781,54.10192,"silverbridge",1
"617",-6.67652,54.57644,"stewartstown",1
"618",-117.37309,35.7627371,"trona",1
"620",35.115625,31.529326,"kiryatarba",1
"624",30.832778,-20.074444,"fortvictoria",1
"625",68.5427778,34.1116667,"alishang",1
"626",66.9511459,36.801729,"chaharbolak",1
"627",71.4061876,35.0021932,"dangam",1
"628",66.8833329,35.883333,"dehak",1
"629",65.5707852,32.640755,"dihrawud",1
"630",64.212898,31.132511,"garmsir",1
"631",66.2129178,33.4290146,"gizab",1
"632",62.1688572,34.0467714,"guzara",1
"634",66.2917573,33.8183376,"nawa",1
"635",62.0282394,32.4809178,"pushtrod",1
"636",63.3402432,34.8785113,"qades",1
"637",66.0463534,35.6707473,"saripul",1
"638",68.7631916,33.1256576,"sharana",1
"639",68.7617012,34.0827715,"sheikhabad",1
"640",69.4914762,34.5745208,"shinwari",1
"641",69.828056,33.242222,"tani",1
"642",64.4318916,33.410592,"taywara",1
"644",71.1273981,34.9109308,"watapur",1
"645",65.35,31.45,"zangabad",1
"646",3.590556,36.634722,"ammal",1
"647",3.1180085,36.7261506,"bachdjerah",1
"648",4.1794668,35.2102695,"bousaada",1
"649",6.560278,37.005556,"collo",1
"650",6.166667,36.8,"elancer",1
"651",3.4220755,36.6494344,"keddara",1
"652",4.0962,36.8451,"mizrana",1
"653",-58.5286102,-34.470829,"lima",1
"655",92.1990763,23.1705732,"baghaichhari",1
"656",19.0483,44.5056,"jusici",1
"657",29.366667,-3.383333,"butumbura",1
"658",75.989755,39.4704,"kashgar",1
"660",-76.52999,3.68471,"montanitas",1
"661",-75.5276699,0.4359506,"putumayo",1
"662",-74.75,7.25,"segouia",1
"663",-73.0855357,8.0492802,"tarra",1
"664",30.25,1.566667,"bunia",1
"666",-88.65,13.816667,"eljicaro",1
"667",-88.1126634,13.9020711,"elmozote",1
"668",-38.5014136,-12.9722184,"elpartido",1
"669",-88.7698403,13.4409658,"elplayon",1
"670",-88.9533563,13.3536924,"laherradura",1
"671",-89.1503566,14.1959529,"lareina",1
"672",-88.3470047,13.8146463,"limadelareina",1
"673",-89.365369,13.7223145,"lourdes",1
"674",-88.0289716,13.3886373,"sanantonio",1
"675",-89.213241,13.7154736,"sanantonioabad",1
"676",-88.8946713,14.0061818,"sanantoniolosranchos",1
"677",-88.0912974,13.6015099,"sanpedro",1
"679",-89.6886722,13.9635122,"zacamil",1
"680",9.055084,41.491867,"pianottolicaldarello",1
"681",9.492342,42.397834,"poggiomezzanna",1
"682",8.741819,41.795233,"portigliolo",1
"683",-90.4466991,15.9886228,"rubelsanto",1
"684",73.2155556,30.1630556,"ferozepore",1
"685",-66.2367172,-22.6633212,"j&k",1
"686",74.8570259,32.7266016,"plantan",1
"687",74.7973681,34.0836581,"sringar",1
"688",-116.2155619,33.7205771,"u",1
"689",90.5920027,25.5313902,"williamnagar",1
"690",96.7493993,4.695135,"aceh",1
"691",43.8649341,33.1644862,"amiriyatalfallujah",1
"692",44.3236557,35.0844989,"daquq",1
"693",45.012779,34.0364,"mansuriyah",1
"695",42.088889,36.804722,"rabiaa",1
"697",35.280093,32.409583,"qabatiyah",1
"698",130.4017155,33.5903547,"fukouka",1
"699",35.525878,33.3315082,"arnoun",1
"701",35.5162739,33.2090575,"houla",1
"702",35.5862413,33.5408371,"jezzin",1
"703",36.0720045,34.5188666,"qantara",1
"705",98.24,16.555556,"kawkareik",1
"706",97.625833,16.484722,"moulmein",1
"707",-86.1892526,13.8614768,"aguascalientes",1
"708",-85.9080917,13.2531582,"asturias",1
"709",-86.5072345,11.9787948,"elcarmen",1
"710",-86.2416142,13.4338934,"elnaranjo",1
"711",-86.234245,13.4484734,"elnispero",1
"712",-84.2828083,12.1043278,"laceiba",1
"713",-85.24249,13.2610936,"lasdelicias",1
"714",-84.9557433,13.1765198,"mulukuku",1
"715",-86.3481319,11.7153271,"rioescondido",1
"716",-86.0644304,14.0435737,"teotecacinte",1
"717",11.5148604,10.8856182,"ashaka",1
"718",13.21649,9.988122,"maiha",1
"719",14.4635958,12.2700809,"rann",1
"721",68.2167351,27.676602,"jogi",1
"722",72.0734811,34.3596683,"katlang",1
"723",67.121834,29.9027,"kolpur",1
"724",66.515556,30.1042,"kurram",1
"725",72.571667,34.799722,"malamjabba",1
"726",71.478739,34.106446,"mathra",1
"727",69.9237671,30.0436057,"rakhni",1
"728",72.427294,34.9389236,"sambat",1
"729",70.401907,33.1737486,"spinwam",1
"730",70.5473168,33.367126,"thal",1
"731",72.270833,34.170833,"yarhussain",1
"733",-73.9624327,-14.3848678,"andamarca",1
"734",-74.0300122,-13.935963,"ayucucho",1
"736",-73.2423004,-14.2951956,"chalhuanca",1
"737",-71.5590423,-16.3879749,"challapampa",1
"738",-74.3866039,-12.7388243,"churcampa",1
"740",-74.7143269,-14.116516,"huancasancos",1
"741",-74.9486422,-12.5653357,"huando",1
"742",-75.335,-11.061944,"lamerced",1
"743",-76.3246517,-8.4488985,"nuevoprogreso",1
"744",-74.198433,-13.56217,"pampacangallo",1
"745",125.916739,8.6051665,"agusandelsur",1
"746",125.4672368,7.3518379,"paquibato",1
"747",125.0388164,11.932458,"samarisland",1
"748",121.774017,12.879721,"tigbauanbanatuanmisamisandbuenas",1
"749",-25.6755944,37.7412488,"azores",1
"750",45.733333,43.116667,"staryeatagi",1
"751",43.65,3.116667,"baydhabo",1
"752",45.8802073,5.303435,"guriceel",1
"753",44.6935736,1.8076962,"janale",1
"754",45.1564679,2.1103623,"lafoole",1
"755",18.503056,-33.961111,"athlone",1
"756",28.071389,-25.773333,"atteridgeville",1
"757",26.60889,-31.9842,"ciskei",1
"758",27.863611,-26.223889,"dobsonville",1
"759",28.2190365,-25.992379,"maokeng",1
"760",24.7762279,-28.6655552,"transvaal",1
"761",30.702,-29.984,"umbumbulu",1
"762",-0.0513246,39.9863563,"castellondelaplana",1
"763",2.8214264,41.9794005,"gerona",1
"764",-15.5372249,28.1468669,"labrujala",1
"765",-2.7712529,43.210664,"lemorieta",1
"766",80.3881333,8.3451852,"anuradhapuraict",1
"767",80.8433145,6.3162324,"embilipitiya",1
"769",80.7607389,8.8340998,"padaviya",1
"770",81.3007405,8.3249734,"serunuwara",1
"771",28.4367551,9.5898957,"abyei",1
"772",68.780278,37.836389,"kurgantyube",1
"773",101.7251311,17.5297299,"mueang",1
"775",32.1434212,2.9970416,"pabbo",1
"777",-7.15189,54.91153,"claudy",1
"778",-6.33254,54.99904,"cloughmills",1
"779",-6.62022,54.64616,"coagh",1
"780",-6.81305,54.53111,"donaghmore",1
"784",32.633333,-18.966667,"umtali",1
"785",62.266621,33.63591,"adraskan",1
"786",69.8061328,33.9661546,"aryobzazi",1
"787",70.78821,34.2631487,"batikot",1
"789",68.6678026,35.7330359,"dahanaighuri",1
"790",70.0979491,34.9785593,"dawlatshah",1
"791",70.859562,34.0818733,"durbaba",1
"792",64.212898,31.132511,"garmser",1
"793",70.15,34.516667,"ghanikhel",1
"794",70.75,34.7,"ghaziabad",1
"795",69.7,33.233333,"hesarak",1
"796",68.416667,37,"kalazal",1
"797",71.3386437,35.4098732,"kamdesh",1
"799",69.871653,33.3066948,"mandozayi",1
"801",68.9539593,33.2453091,"matakhan",1
"802",69.8359154,34.9971359,"nijrab",1
"803",70.2884528,34.0740905,"pachirwaagam",1
"804",64.7636592,35.598206,"pashtunkot",1
"805",69.941634,33.821926,"patan",1
"806",64.4318916,35.5646007,"qaysar",1
"807",67.469147,33.939667,"sarab",1
"809",67.1713889,36.4661111,"sori",1
"810",69.7610607,34.5902804,"surobi",1
"811",71.0839469,34.1298683,"torkham",1
"813",4.669073,36.6942103,"adekar",1
"814",2.609444,36.603611,"aintagourait",1
"815",4.4240151,36.8895311,"azzefoun",1
"817",3.880556,36.862222,"benchoud",1
"818",1.583333,36.05,"benibouateb",1
"819",3.7205556,36.8777778,"capdjinet",1
"820",2.196667,36.61,"cherchell",1
"821",3.75,36.483333,"djebahia",1
"822",3.153889,36.565278,"larba",1
"823",3.683056,36.748889,"legata",1
"824",2.55,36.416667,"oueddjer",1
"825",4.05,36.716667,"ouzra",1
"826",-1.0143426,35.6039298,"sidibakhti",1
"827",-0.548611,34.593333,"sidichaib",1
"828",3.8583028,36.8556063,"sididaoud",1
"829",3.5863313,36.6904117,"soukelhad",1
"831",1.0547828,35.0640467,"tariqibnziyad",1
"832",4.7749158,36.6151583,"timezrit",1
"833",3.7760446,36.5888512,"tizighenif",1
"834",4.5793248,36.790224,"zekri",1
"835",45.366111,41.093333,"kazakh",1
"836",50.459722,26.211389,"banijamra",1
"837",50.624,26.285,"dair",1
"838",50.547778,26.173611,"isatown",1
"839",50.6,26.133333,"nuwaidrat",1
"840",89.4068138,24.0313053,"ataikula",1
"841",92.435696,21.8210961,"thanchi",1
"842",-68.4166667,-15.9833333,"quelluani",1
"844",29.12,-2.888611,"cibitokeprov",1
"845",-120.076197,55.555446,"tomslake",1
"846",18.7140639,8.246493,"sido",1
"847",-70.664167,-33.535,"lacisterna",1
"848",-70.55,-33.411667,"lascondes",1
"849",-70.641997,-33.4691199,"santaigo",1
"850",-71.5592603,-33.0265062,"vivadelmar",1
"851",114.057868,22.543099,"shenzen",1
"852",-71.852686,6.9062,"banadia",1
"853",-71.555267,6.4915649,"betoyes",1
"854",-74.33309,8.48342,"canolimon",1
"855",-73.8419063,0.869892,"caqueta",1
"856",-75.9376146,6.3958068,"elmango",1
"857",-74.80419,3.41392,"laesmeralda",1
"858",-73.087749,3.2719904,"meta",1
"859",-76.1348944,6.8072318,"montanita",1
"860",-72.9183724,8.6389528,"oru",1
"861",-71.9786626,12.2322387,"puertobolivar",1
"862",-76.604444,0.685,"puertocaicedo",1
"864",-74.0417628,4.5961285,"santafedebogota",1
"865",-74.4168381,3.8667531,"sumapaz",1
"866",-74.297333,4.570868,"u",1
"867",-75.0070792,2.9621877,"vegalarga",1
"877",-88.9856574,13.9891678,"azacualpa",1
"878",-88.3057061,13.8462374,"carolina",1
"879",-89.1112924,13.9018897,"cerrodeguazapa",1
"880",-88.6166667,13.8833333,"cerrogrande",1
"881",-88.9204311,14.1768739,"elcarrizal",1
"883",-90.0621414,13.8197445,"laceiba",1
"884",-89.0406306,13.4594741,"lasflores",1
"885",-89.1914287,13.7508401,"milingo",1
"886",-88.9497657,13.7600027,"montesanjuan",1
"887",-88.8270854,13.253613,"riolempa",1
"888",-88.0876336,13.6434243,"sancarlos",1
"889",-88.3008448,13.6637732,"sanjeronimo",1
"890",-88.899722,13.507222,"sanjuannonualco",1
"891",8.738635,41.919229,"ajaecio",1
"892",9.334552,41.734041,"conca",1
"893",9.130112,41.48734,"figari",1
"894",8.783941,41.94926,"fiumorbu",1
"895",9.4317,42.7142,"villedepietrabugno",1
"896",104.9196751,11.5812171,"x4",1
"897",23.753752,37.9059632,"argyroupolis",1
"898",23.7692328,37.9298588,"ilioupolis",1
"899",-90.230759,15.783471,"chupol",1
"900",-91.169533,15.52787,"sumal",1
"901",-90.9868468,14.7558344,"tecpan",1
"902",-91.0023857,15.8751649,"xalbal",1
"903",83.354895,21.5902451,"amarkot",1
"904",74.8722642,31.6339793,"amritsarcity",1
"905",79.7399875,15.9128998,"andhrapradeshs",1
"906",76.4693225,29.3109605,"assans",1
"907",83.2572913,18.9333383,"bandhugaon",1
"908",86.7642624,22.6320726,"belpahari",1
"909",90.27,26.4,"kokrajhard",1
"910",83.2800342,19.0213758,"kumbhariput",1
"911",94.0497462,24.8665864,"lamlai",1
"912",74.8243939,34.0262062,"nowgam",1
"913",82.5333,20.8167,"nuapada",1
"914",85.0985236,20.9516658,"orissa",1
"915",79.5577373,11.8146683,"rajapalayam",1
"916",74.8448648,33.090954,"reasi",1
"917",87.3190065,22.642257,"salbani",1
"918",74.7973681,34.0836581,"srinager",1
"919",81.659273,18.3911344,"sukma",1
"920",74.2634159,33.6398695,"surankot",1
"921",80.0981869,27.5705886,"uttarpradesh",1
"922",90.2244662,25.5679372,"westgarohills",1
"923",95.9356872,5.3704132,"pidie",1
"924",44.7732994,33.9272709,"abusayda",1
"925",43.8166667,34.3666667,"alhadid",1
"926",43.4333333,37.1333333,"amadiyah",1
"927",43.733056,34.533056,"awjah",1
"928",43.379722,36.352222,"bartella",1
"929",42.389167,34.099167,"barwana",1
"930",43,36.866667,"dakok",1
"931",44.8588889,32.9919444,"hafriyah",1
"932",43.1783764,36.3843695,"hashimiyah",1
"934",43.5606946,35.8578451,"makhmour",1
"935",42.7039446,36.2653482,"muhallabiyah",1
"936",35.497336,32.497103,"beitshean",1
"937",34.5800161,31.6966695,"kfardarom",1
"938",35.570246,33.207933,"kiryatshemona",1
"939",35.276017,33.015026,"maalot",1
"940",35.068259,32.687627,"megiddojunction",1
"941",34.981513,32.196015,"qalqilyahh",1
"942",35.145945,33.072609,"shlomi",1
"943",35.288522,33.098985,"zarit",1
"944",40.933333,2.816667,"elwak",1
"945",39.6614446,-4.0929017,"likoni",1
"946",21.469323,42.4604343,"gnjilane",1
"950",36.0636111,34.5122222,"aynalhulwah",1
"951",35.4288797,33.1172473,"bintjbeil",1
"952",35.4547307,33.7306091,"damour",1
"953",35.3663175,33.5186304,"ghaziyeh",1
"955",35.2190723,33.126993,"tairharfa",1
"956",35.4954794,33.8886289,"zaharani",1
"957",28.916667,47,"chisnau",1
"958",-12.3714463,25.1434095,"gueltazemmur",1
"959",33.9359756,-19.209867,"inchope",1
"961",97.633333,16.890556,"paan",1
"962",17.060278,-22.523056,"katutura",1
"963",81.4278984,28.3102323,"bardiya",1
"964",85.3111175,27.7185492,"multiple",1
"965",85.633333,26.883333,"parsa",1
"966",85.56121,26.9627141,"sarlahi",1
"967",-84.4303959,11.16393,"buenavista",1
"968",-86.0961111,13.5102778,"cerroblanco",1
"969",-83.690885,12.012161,"elbluff",1
"970",-86.1382366,13.6777992,"elespino",1
"971",-84.8163822,12.2247088,"elguabo",1
"972",-85.83734,13.7903875,"elguapinol",1
"973",-86.7391229,12.7538495,"ellimon",1
"974",-84.2002101,12.8207931,"eltortuguero",1
"975",-85.6678886,12.3564691,"elzapote",1
"976",-84.3739189,11.7044248,"laesperanza",1
"977",-84.779722,11.998889,"lagateada",1
"978",-85.3659415,12.9765805,"lapatriota",1
"979",-85.9679349,11.5152518,"lapenca",1
"980",-86.3756867,13.1572388,"lasirena",1
"981",-86.478172,12.0710853,"loscedros",1
"982",-86.135857,13.3974879,"pavona",1
"983",-85.6725,13.2872222,"penasblancas",1
"984",-86.8628999,12.4656573,"sanjeronimo",1
"985",-86.8778567,13.2754541,"sanpedrodelnorte",1
"986",-86.2577605,13.7050839,"santaclara",1
"987",-86.9229695,13.1866662,"santotomasdelnorte",1
"989",-85.3019883,13.4494053,"zinica",1
"990",11.431944,10.854444,"bajoga",1
"991",11.3327354,11.6778666,"damagum",1
"992",11.307778,11.287778,"fika",1
"993",8.42,19.0625,"iferouane",1
"994",73.0257691,34.6766584,"battagram",1
"995",66.9604533,30.2545506,"bazai",1
"996",74.0887576,35.426728,"chilas",1
"997",70.8301181,33.5749801,"dabori",1
"998",66.9332759,30.0902676,"hazarganji",1
"999",70.114444,32.333056,"jandol",1
"1000",70.506389,32.798611,"janikhel",1
"1001",72.3,34.216667,"kalukhan",1
"1002",72.3459123,34.8292567,"kanju",1
"1003",66.1980438,27.6906341,"naal",1
"1004",73.8261001,33.4564748,"nala",1
"1005",70.7825947,32.8187789,"naurang",1
"1006",71.5804899,34.0149748,"peshwar",1
"1009",70.7685119,33.8414148,"shalobar",1
"1010",69.9193004,33.9158529,"shalozan",1
"1012",62.3653168,26.096947,"tump",1
"1013",69.5406478,32.9579865,"wuchabibi",1
"1014",-77.6092188,-9.780803,"aija",1
"1016",-73.988056,-13.796667,"cayara",1
"1017",-77.5354295,-9.4322622,"chavin",1
"1018",-78.8382644,-6.4549673,"chupamarca",1
"1019",-74.3866039,-12.7388243,"churcapampa",1
"1020",-77.9417391,-7.8612166,"curgos",1
"1021",-74.140961,-13.68954,"huancaraylla",1
"1022",-69.8024099,-15.0553205,"huatasani",1
"1023",-76.3653,-10.9999,"huayllay",1
"1024",-74.448357,-13.02483,"julcamarca",1
"1025",-74.35,-13.733333,"lucanamarca",1
"1026",-76.7,-10.316667,"luricocha",1
"1027",-70.9026649,-14.7704597,"macari",1
"1028",-70.7,-13.266667,"oroya",1
"1029",-74.213611,-13.056944,"pacaycasa",1
"1030",-77.6190412,-9.2044388,"pampacancha",1
"1031",-77.1190329,-9.0388325,"paras",1
"1032",-74.8770282,-10.9242648,"pichanaki",1
"1033",-74.9975,-13.3261109,"pilpichaca",1
"1034",-69.35,-16.966667,"rosario",1
"1035",-74.3121886,-13.944985,"sacsamarca",1
"1036",-74.2524129,-12.7662646,"sanjosedesecce",1
"1038",126.301635,8.8936805,"cagwait",1
"1039",125.4217,7.188222,"calinan",1
"1040",120.9446058,15.3247103,"castellano",1
"1041",124.383333,7.116667,"kabuntalan",1
"1042",124.066667,6.633333,"lebak",1
"1043",124.4974405,6.9267741,"mamasapano",1
"1044",124.6219592,8.5045558,"misamisoriental",1
"1045",121.233333,18.566667,"sanchezmira",1
"1046",121.1,5.933333,"talipao",1
"1047",124.034,8.013,"tangcal",1
"1048",45.09973,43.030344,"dattykh",1
"1049",37.6,55.766667,"tverskoy",1
"1051",49.996,26.556,"qatif",1
"1052",41.7482057,0.3200818,"bilisqooqaani",1
"1053",42.7076107,1.2317783,"buale",1
"1054",44.5136111,2.7188889,"leego",1
"1055",30.883333,-30.05,"amanzimtoti",1
"1056",27.7036143,-26.2821607,"bekkersdal",1
"1057",27.3021879,-25.6093705,"bophuthatswana",1
"1058",27.946,-26.249,"diepkloof",1
"1059",28.4075474,-26.3725731,"duduza",1
"1060",30.5279096,-25.565336,"easterntransvaal",1
"1061",28.3461948,-26.1777025,"eastrand",1
"1062",27.8223506,-26.2424404,"emdeni",1
"1063",27.99065,-26.20176,"langlaagte",1
"1064",30.9417368,-29.4839492,"ndwedwe",1
"1065",30.28507,-30.74225,"paddock",1
"1066",0.9237179,40.990924,"hospitalet",1
"1067",-2.1794136,43.081329,"isasondo",1
"1068",-5.3957548,43.4791228,"miravalles",1
"1069",80.4759567,6.1001388,"akuressa",1
"1070",80.0003875,6.4345732,"alutgama",1
"1071",79.8629683,6.8559485,"dehiwatte",1
"1072",80.73323,5.990751,"dickwella",1
"1073",80.6576623,6.0795539,"hakmana",1
"1074",81.7946092,7.5293725,"kalawanchikudi",1
"1075",81.2833333,8.25,"kallar",1
"1076",80.5632884,6.0779107,"kamburupitiya",1
"1077",79.8828828,9.7480738,"karainagar",1
"1078",80.7466055,8.7274902,"kebethigollewa",1
"1081",80.491047,6.2652802,"morawaka",1
"1082",79.9621519,8.7278255,"necoast",1
"1083",80.5077237,8.872387,"omanthai",1
"1084",80.0898085,9.7982377,"palaly",1
"1085",79.8898816,6.8237163,"ratmalana",1
"1086",81.521241,7.8033396,"sittandi",1
"1087",81.3124341,8.4045812,"thoppur",1
"1089",81.079605,8.3817383,"wanela",1
"1090",41.216667,37.05,"qamishli",1
"1091",101.7751709,6.1281382,"bongo",1
"1092",101.4831028,12.7812083,"chalerm",1
"1094",101.5020752,6.3845762,"ruso",1
"1095",101.6840589,6.4222691,"yingo",1
"1096",43.736667,37.576389,"hakkariprov",1
"1097",28.97696,41.00527,"instanbul",1
"1099",-6.74394,54.41178,"benburb",1
"1100",-6.91364,54.49023,"cabragh",1
"1101",-6.41069,54.18044,"camlough",1
"1102",-7.16452,54.4143,"clogher",1
"1103",-6.01799,54.54187,"derriaghy",1
"1104",0.0837728,53.0506292,"eglish",1
"1105",-7.23742,54.7183,"gortin",1
"1106",-4.691252,55.719594,"highfield",1
"1107",-7.65037,54.22618,"kinawley",1
"1108",-5.914186,54.6596354,"rathcoole",1
"1121",70.690083,34.1267756,"achin",1
"1122",69.65,33.833333,"ahmadkhel",1
"1123",68.899167,36.522222,"aliabad",1
"1124",67.5231713,31.6071805,"ataghar",1
"1125",62.343346,33.363956,"azizabad",1
"1126",63.309294,35.6403478,"balamurghab",1
"1127",70.7644236,34.9201755,"chapadara",1
"1128",70.4074861,34.3289766,"chapahar",1
"1129",70.9784562,34.8061587,"chawkay",1
"1130",63.75288,34.34013,"chishtisharif",1
"1132",68.2951738,34.2163541,"daymirdad",1
"1133",62.173828,34.83617,"doab",1
"1134",70.579722,37.1175,"faisalabad",1
"1135",61.47,34.34,"ghourian",1
"1137",65.8075,29.5222222,"hazarjuft",1
"1138",69.6922041,32.9671694,"ismailkhel",1
"1139",70.506389,32.798611,"janikhel",1
"1140",67.530601,31.674601,"karez",1
"1142",69.3250022,34.4884697,"khakeafghan",1
"1144",71.0260046,34.6433682,"khaskunar",1
"1146",70.0575,35.0197222,"korangal",1
"1147",70.1705556,34.2330556,"lakan",1
"1148",70.95468,34.3542162,"lalpur",1
"1149",69.3488408,35.0136063,"mahmudraqi",1
"1151",66.570016,32.1156624,"mizan",1
"1153",68.7199688,33.1997675,"nawabad",1
"1155",63.176389,34.369722,"obe",1
"1156",65.1907309,31.0243075,"panjwayi",1
"1158",63.4862036,34.8550848,"qadis",1
"1159",69.0314536,34.5542397,"qarghai",1
"1160",70.1932084,34.4851124,"qarghayi",1
"1162",69.233333,35,"sayadan",1
"1163",69.5261238,33.6881215,"sayidkaram",1
"1165",64.8644455,36.2382799,"shirintagab",1
"1166",65.810333,31.583227,"shurandam",1
"1167",65.4186111,31.4977778,"sperwan",1
"1168",66.9783333,32.3438889,"spinghar",1
"1169",69.1887322,34.51025,"takhtapul",1
"1170",68.261078,33.5203055,"tangi",1
"1171",71.2027778,34.9877778,"waghaz",1
"1173",1.5411111,36.0958333,"ainelhamra",1
"1174",4.096944,34.680833,"ainrich",1
"1175",2.9475662,36.4974983,"amroussa",1
"1176",0.3571841,35.0974693,"aouf",1
"1177",2.066667,36.283333,"arib",1
"1178",4.4240151,36.8895311,"azeffoun",1
"1179",3.2470488,36.7606902,"benzerga",1
"1180",3.2591667,35.6702778,"bouchakour",1
"1181",3.692227,36.6357449,"boudoukhane",1
"1182",2.6548,36.6234,"bouharoun",1
"1183",7.004167,35.038056,"chechar",1
"1184",2.876389,36.426944,"chrea",1
"1185",1.7,36.55,"damous",1
"1186",2.595,35.288056,"elkhemis",1
"1187",2.4,36.383333,"hammamrigha",1
"1189",3.0814946,36.7266729,"kouba",1
"1190",3.7549361,36.5248357,"krarib",1
"1191",5.4410924,36.587981,"laalam",1
"1192",6.2083985,35.2506924,"mazer",1
"1193",3.133333,36.733333,"mohammadia",1
"1194",3.133333,36.733333,"mohammedia",1
"1195",7.516667,34.483333,"negrine",1
"1196",2.516667,36.2,"ouedchorfa",1
"1197",0.681389,35.797222,"oueddjemaa",1
"1198",2.933611,36.244444,"ouledbrahim",1
"1200",0.3771895,35.8464922,"safsaf",1
"1202",6.0526981,36.8546552,"sidiabdelaziz",1
"1203",3.0417473,36.7794082,"sidirais",1
"1204",3.7879621,36.8952692,"souanine",1
"1205",2.916667,36.7,"souidania",1
"1206",2.8881795,36.7516507,"staoueli",1
"1208",1.2283566,35.3356113,"tagdempt",1
"1209",5.483333,36.666667,"ziamamansouria",1
"1210",-58.5432951,-34.6352975,"ciudadela",1
"1212",46.677344,39.8754355,"nagornokarabakh",1
"1213",50.5355561,26.2256531,"diah",1
"1214",50.4980362,26.1256441,"hamad",1
"1215",90.3924947,23.7315492,"dhakauniversitycampus",1
"1216",92.0640687,23.2408468,"dighinala",1
"1217",89.1753614,23.5528198,"jhenaidah",1
"1218",92.153458,22.89933,"langadu",1
"1219",90.8341624,22.9454033,"laxmipur",1
"1220",90.408333,23.741667,"ramna",1
"1221",-43.1882863,-22.9116324,"rio",1
"1222",-46.6333094,-23.5505199,"sanpaulo",1
"1223",15.17962,3.982152,"dembia",1
"1224",-70.583333,-33.533333,"laflorida",1
"1225",-70.6157308,-33.4348476,"providencia",1
"1226",-70.7346887,-33.4000717,"renca",1
"1227",-70.6514213,-33.4945359,"sanmiguel",1
"1228",113.081901,22.578738,"jiangmeng",1
"1229",-76.3854001,3.5398319,"alfonsobonillaaragon",1
"1230",-74.8521752,9.1802599,"barranca",1
"1231",-74.1900501,9.948668,"bruselas",1
"1232",-75.4708848,5.1958125,"calera",1
"1233",-74.297333,4.570868,"elcentro",1
"1234",-75.0355596,9.5811115,"elsalado",1
"1235",-75.6717191,3.0926862,"gaitania",1
"1236",-73.1393861,7.1100883,"garciarovira",1
"1237",-76.55,3.266667,"jarmundi",1
"1238",-72.8973302,8.9985069,"lagabarra",1
"1239",-75.8054552,7.1885428,"lahorminga",1
"1240",-75.575702,8.7694194,"lamina",1
"1241",-74.4335105,10.1067623,"mediomagdalena",1
"1242",-75.2457184,7.1425004,"paujil",1
"1243",-76.3,2.75,"pitayo",1
"1244",-74.733333,7.7,"puertoclaver",1
"1245",-68.5214081,-31.5272732,"sanjuandelcarare",1
"1246",-74.4591572,9.5701817,"santarosadelima",1
"1247",-73.416667,6.883333,"sanvincentedechucuri",1
"1248",99.1966559,61.0137097,"siberia",1
"1249",-74.1173893,4.4703046,"usme",1
"1250",-78.61664,2.08337,"yari",1
"1253",29.24,-0.155,"lubero",1
"1255",-4.07,5.334722,"yopougon",1
"1259",30.8510692,27.6376503,"deirmawas",1
"1260",32.8758199,24.978548,"edfu",1
"1262",31.3784704,31.0409483,"mansoura",1
"1267",-103.731,20.835,"amatitanarriba",1
"1268",-76.9942234,-12.0661782,"arce",1
"1269",-89.0770584,13.4991038,"campana",1
"1270",-89.005,13.5213889,"cerrosdesanpedro",1
"1271",-88.116667,13.716667,"chilanga",1
"1273",-87.9604345,13.3419103,"elgavilan",1
"1274",-89.2097434,14.3724423,"elpoy",1
"1275",-89.7074695,13.9751405,"elrefugio",1
"1276",-89.266271,13.6657119,"elroblar",1
"1277",-89.2110559,14.0611052,"elsalitre",1
"1278",-88.383333,13.35,"ereguayquin",1
"1279",-89.2294463,13.7314637,"fincalamarina",1
"1280",-88.8826846,14.0235381,"guarjila",1
"1281",-89.2360234,13.5902564,"huizucar",1
"1282",-15.4158241,27.995907,"lagallinera",1
"1283",-89.2396259,13.6978373,"lamascota",1
"1284",-89.4333333,14.4333333,"lasburras",1
"1285",-93.0925048,16.7367461,"losarcos",1
"1286",-89.2327326,13.6959232,"merliotcity",1
"1288",-88.7289492,14.0082761,"nombredejesus",1
"1289",-89.057347,13.8183783,"oratoriodeconcepcion",1
"1290",-89.2449235,13.7163783,"sanbartoloichanmico",1
"1291",-88.8106915,13.6522533,"sancayetanoistepeque",1
"1292",-89.2609755,13.5599587,"sanjosevillanueva",1
"1293",-89.189527,13.713577,"sanmiguelito",1
"1294",124.5666828,8.4521818,"sansimon",1
"1296",-89.0047868,14.1285819,"santarita",1
"1297",-89.338745,13.974897,"tacachico",1
"1298",-88.4912395,13.4553506,"tecapan",1
"1299",-88.6693455,13.4209575,"trescalles",1
"1300",41.5438889,11.2452778,"asmera",1
"1301",9.502568,42.093826,"casabianda",1
"1302",8.7494,42.1242,"coggia",1
"1303",8.771765,41.772597,"cotichiavari",1
"1305",9.123025,41.702751,"levie",1
"1306",9.450356,42.958448,"macinaggio",1
"1307",9.528759,42.3727469,"moriani",1
"1308",43.9892499,42.2030309,"ergneti",1
"1309",41.4811712,43.033102,"lata",1
"1310",41.8511887,42.542335,"rukhi",1
"1311",-90.7390245,14.5585411,"antigua",1
"1312",-90.883333,14.733333,"comalpa",1
"1313",-90.5092444,14.5387597,"elporvenir",1
"1314",-91.5263094,14.0423576,"elsemillerobarranahualate",1
"1315",-90.230759,15.783471,"fincasacchen",1
"1316",-90.744827,15.45268,"laspacayas",1
"1317",-90.230759,15.783471,"northernhighway",1
"1318",-91.8062402,15.1231078,"sanfranciscomorazan",1
"1319",-89.8926065,16.9181251,"santaelena",1
"1320",-90.230759,15.783471,"tercerpueblo",1
"1321",-91.1488,15.065126,"xesic",1
"1322",-87.2167,14.0833,"comayaguela",1
"1323",-86.6259312,14.5711648,"elcarrizal",1
"1325",74.8722642,31.6339793,"amritsan",1
"1326",74.8722642,31.6339793,"armitsar",1
"1327",92.9375739,26.2006043,"assams",1
"1328",44.633333,33.75,"baqubah",1
"1329",91.3550862,26.522021,"barama",1
"1330",74.7951454,34.0660407,"batmaloo",1
"1331",84.5222189,25.466155,"bhojpur",1
"1332",90.4408037,25.3186615,"chokpot",1
"1333",73.2271423,33.5054233,"churchak",1
"1334",74.8178134,33.8981037,"dardpora",1
"1335",95.5551652,27.5664171,"doomdooma",1
"1336",74.6,30.9166,"ferozepur",1
"1337",90.333333,25.5,"garohills",1
"1338",71.1923805,22.258652,"gujarat",1
"1339",82.8627162,20.7504099,"kharprakhol",1
"1340",94.2544862,24.3037542,"khudengthabi",1
"1341",75.2322867,16.8070444,"kohali",1
"1342",78,34,"ladakh",1
"1343",75.559693,24.8737718,"lasana",1
"1344",93.9062688,24.6637173,"manipurs",1
"1345",91.9905996,23.9972939,"manu",1
"1346",92.7176389,23.727107,"mizoram",1
"1347",94.5624426,26.1584354,"nagaland",1
"1348",91.832294,26.1811985,"narengi",1
"1349",76.336593,10.2055089,"parakkadavu",1
"1350",77.9163886,18.6035506,"sangam",1
"1351",90.563609,25.3300969,"southgarohills",1
"1352",74.4247164,34.0608525,"tangmarg",1
"1353",74.3694526,33.5387585,"thanamandi",1
"1354",76.2144349,10.5276416,"tichy",1
"1355",94.2676545,24.2140807,"tminou",1
"1356",85.080556,26.004444,"vaishali",1
"1357",90.7865655,25.8204828,"wageasi",1
"1358",87.8549755,22.9867569,"westbengal",1
"1359",95.4777811,5.4529168,"acehbesarregency",1
"1360",115.1752277,-8.7237964,"alkuta",1
"1361",99.7423179,1.2707384,"sibuhuan",1
"1362",126.3498097,-8.8083212,"viqueque",1
"1363",47.816667,30.5,"abara",1
"1364",47.15,31.833333,"abbarah",1
"1365",39.9684003,33.6691331,"akashat",1
"1366",43.6974871,34.6645053,"alam",1
"1368",44.583333,34.716667,"amarliya",1
"1369",44.5360667,33.5718067,"banisaad",1
"1371",44.9621033,35.9495589,"dokan",1
"1373",42.6891667,35.5577778,"hadar",1
"1376",45.2353048,34.5426033,"jalua",1
"1378",43.525278,33.384444,"khalidiya",1
"1380",44.936944,33.978611,"muradiyah",1
"1381",45.1494505,32.043691,"qadisiyah",1
"1382",47.4395308,31.0062791,"qurnah",1
"1383",45.337084,35.948733,"safra",1
"1385",34.53677,31.538483,"beithanoun",1
"1386",34.564889,31.55984,"erez",1
"1387",34.489593,31.30839,"eshkol",1
"1388",34.431501,31.303121,"eshkolregionalcouncil",1
"1389",34.851612,31.046051,"golanheights",1
"1390",35.280093,32.409583,"kabatiya",1
"1391",34.532291,31.483416,"kfarazza",1
"1392",20.289179,42.5342038,"decani",1
"1393",20.6511592,42.0615398,"dragas",1
"1394",20.8821146,42.4115106,"dulje",1
"1395",21.1956273,42.9107754,"podujevavo",1
"1396",-98.473728,29.147105,"seaisland",1
"1398",36.1328132,34.5328763,"akkar",1
"1399",35.4876098,33.8951589,"alhamra",1
"1400",35.3327275,33.1336734,"baytlif",1
"1401",35.4124355,33.1570063,"bintjubayl",1
"1402",35.4439843,33.1753011,"braachit",1
"1403",35.7188463,33.3703499,"hasbeya",1
"1404",35.5862413,33.5408371,"jizzine",1
"1405",35.5661111,33.4886111,"kafrhunah",1
"1406",35.6433333,33.4066667,"kawkaba",1
"1407",35.5897893,33.4923967,"kfarhouneh",1
"1408",35.4966059,33.3861763,"kfarroummane",1
"1409",35.5167951,33.2334165,"markaba",1
"1410",35.4838294,33.3771694,"nabatia",1
"1411",31.2046921,29.3354304,"rashaf",1
"1412",35.592456,33.8851833,"roumieh",1
"1413",35.2906904,33.4514857,"sarafand",1
"1414",35.4850698,33.2362587,"tallouseh",1
"1416",35.9445727,33.6034941,"yanta",1
"1417",35.4324275,33.4521137,"zaharaniriver",1
"1418",21.741667,32.766389,"beida",1
"1420",1.75,19.11,"abeibara",1
"1422",29.4620101,46.8227551,"bendery",1
"1423",32.557362,-26.003799,"catembe",1
"1424",33.7971594,-25.019535,"chonguene",1
"1425",32.648056,-25.023056,"magude",1
"1426",98.508333,16.687778,"myawaddy",1
"1427",97.163333,22.965,"namhkan",1
"1428",95.216667,18.816667,"prome",1
"1430",82.3017728,27.9903597,"dang",1
"1431",84.99,27.99,"dhading",1
"1432",82.22,28.73,"khalanga",1
"1433",83.8724825,28.1378529,"nuwakot",1
"1434",85.741667,27.116667,"parwanipur",1
"1435",82.6483442,28.3815621,"rolpa",1
"1436",87.1422895,27.6141916,"sankhuwasabha",1
"1437",81.7787021,28.517456,"surkhet",1
"1438",-85.7794791,13.29787,"abisinia",1
"1440",-85.0263864,12.9380741,"bilampi",1
"1441",-83.9097923,11.9420592,"canonegro",1
"1442",-86.855843,13.2605833,"cebollal",1
"1443",-84.442863,12.12018,"elaparejo",1
"1444",-86.48587,12.40747,"elcardon",1
"1445",-86.084168,14.0060939,"elcorozo",1
"1446",-86.2044135,12.8629845,"eljocote",1
"1447",-86.550554,13.3165282,"elporvenir",1
"1448",-85.7794791,13.5515951,"kilambe",1
"1449",-84.3666912,11.5519909,"lafonseca",1
"1450",-84.781954,12.5098602,"lapinuela",1
"1451",-84.4015075,13.9141369,"larosita",1
"1452",-85.654178,13.776332,"lasminas",1
"1453",-86.7096525,13.6796984,"laspalmas",1
"1454",-85.9980188,13.9635488,"laspampas",1
"1455",-86.2793652,13.7834155,"launion",1
"1456",-86.2255771,13.312456,"lavainilla",1
"1457",-87.26,12.5672222,"maderanegra",1
"1458",-85.982172,13.2370516,"mancotal",1
"1459",-86.5186022,11.8038217,"montelimar",1
"1460",-85.9847247,13.5210467,"panali",1
"1461",-86.763056,12.199444,"puertosandino",1
"1462",-85.5586368,13.2365476,"ranchogrande",1
"1464",-86.143377,11.8502079,"sanjose",1
"1465",-85.2935849,12.6870681,"sanjosedelavega",1
"1466",-85.4675305,11.4277619,"sanpedro",1
"1467",-85.116667,12.133333,"sanpedrodelovago",1
"1468",2.705,15.0408,"banibangou",1
"1469",6.778846,4.723117,"abonema",1
"1470",9.6814748,9.8820816,"bununu",1
"1471",9.929722,11.6675,"jamaare",1
"1472",8.9010809,10.1847867,"jere",1
"1473",7.049861,4.8471654,"nembecreek",1
"1476",6.993333,4.79,"porthartcourt",1
"1477",8.713707,9.5842063,"riyom",1
"1479",71.262,34.029,"alimasjid",1
"1480",70.5235185,32.3820734,"amakhel",1
"1483",70.5,32.95,"bakakhel",1
"1484",70.505,32.955278,"bakkakhel",1
"1485",72.5235599,34.1019159,"bamkhel",1
"1487",71.5397536,33.9501626,"bazidkhel",1
"1488",69.899944,32.9433362,"boya",1
"1489",69.2773236,30.1190031,"chamalang",1
"1490",73.10316,34.61435,"chattar",1
"1493",73.9003415,31.2386314,"dhand",1
"1495",71.4800262,34.5294722,"ghaljo",1
"1496",70.0711502,32.9967981,"ghulamkhan",1
"1498",66.7449227,29.9646018,"kanak",1
"1499",71.754834,34.7942708,"kotki",1
"1500",66.5223902,25.837675,"lasbela",1
"1501",71.9045649,34.8453312,"lowerdir",1
"1502",71.983333,34.383333,"lundkhwar",1
"1503",68.1533539,26.8793134,"mamond",1
"1505",71.7890821,34.3494838,"mandani",1
"1507",72.4302529,34.8083757,"manglawar",1
"1508",66.6384845,29.3494768,"mangochar",1
"1509",68.3776509,25.3899483,"marwar",1
"1510",65.3718026,26.0380192,"mashkai",1
"1511",71.504141,33.9069592,"mashokhel",1
"1512",70.465826,32.413489,"mullazai",1
"1513",70.7332019,32.3159305,"pezu",1
"1514",72.021667,34.119167,"rashakai",1
"1515",71.9134576,34.4588365,"sakhakot",1
"1517",66.9883763,30.1782216,"sheikhan",1
"1518",72.0029435,35.2780684,"sheringal",1
"1519",70.1046474,32.9374644,"talkali",1
"1520",71.7236931,34.0107719,"tarujabba",1
"1521",70.9735351,33.4436701,"toghsarai",1
"1522",66.9034936,28.5651239,"zehri",1
"1523",-77.581314,8.048795,"bocadecupe",1
"1525",-76.9092965,-10.7925437,"andajes",1
"1527",-70.358002,-14.79434,"asillo",1
"1528",-74.6,-11.9,"balcon",1
"1529",-77.8924608,-8.8710472,"callejondehuaylas",1
"1533",-75.4344727,-13.2136265,"castrovirreyna",1
"1534",-77.0288967,-12.1008684,"chacarilla",1
"1535",-75.788745,-11.0507534,"chupan",1
"1536",-74.360153,-13.58849,"chuschi",1
"1537",-73.9521468,-13.84783,"hualla",1
"1538",-76.7380589,-7.1862647,"huallaga",1
"1539",-75.683333,-14.083333,"huamanguilla",1
"1540",-77.8145701,-8.9517303,"huaripampa",1
"1541",-74.2171989,-12.9705804,"huayhuas",1
"1543",-76.2519729,-8.7901197,"lamorada",1
"1544",-75.8984154,-11.5254018,"laoroyo",1
"1546",-74.2083943,-12.9923771,"macachacra",1
"1547",-76.2276337,-8.7444061,"madremia",1
"1550",-77.955389,-8.191194,"mollepata",1
"1551",-76.8538748,-12.2095337,"pachacca",1
"1552",-71.570556,-15.983611,"pallca",1
"1553",-72.64,-12.6841667,"palmayoc",1
"1554",-77.8924608,-9.5614635,"pariacoto",1
"1555",-72.4742969,-14.0749161,"progreso",1
"1556",-76.1218479,-8.7525806,"pucayacu",1
"1557",-74.3833329,-14.05,"putaccasa",1
"1558",-73.599167,-13.180278,"rumichaca",1
"1560",-78.2809879,-9.148289,"sanjacinto",1
"1561",-78.169722,-7.335278,"sanmarcos",1
"1562",-74.4848003,-11.4317888,"sanmartindepangoa",1
"1563",-77.8595963,-7.9329235,"sarin",1
"1564",-72.2408333,-13.9019444,"soccos",1
"1565",-73.0166667,-12.8333333,"tapuna",1
"1566",-78.2172222,-6.9897222,"tinte",1
"1567",-74.0784785,-15.6442505,"tocota",1
"1569",-75.8780855,-10.9688336,"ulcumayo",1
"1570",-76.4619911,-8.4592507,"urchiza",1
"1571",-75.9180163,-12.4600662,"yauyos",1
"1572",124.6303372,7.1889378,"aleosan",1
"1573",125.1474451,7.3537668,"arakan",1
"1574",125.766667,7.583333,"asuncion",1
"1575",121.774017,12.879721,"baliki",1
"1576",120.4818446,14.6416842,"bataan",1
"1577",120.5804721,15.6693099,"clark",1
"1578",124.766667,7.1,"datumontawal",1
"1579",124.453333,6.920833,"datuunsay",1
"1580",121.774017,12.879721,"davaoprov",1
"1581",124.348056,6.965833,"guindulungan",1
"1582",121,16.833333,"hungduan",1
"1583",121.1710389,16.8330792,"ifugao",1
"1584",120.7115592,18.1647281,"ilocos",1
"1585",125.3,11.15,"lawaan",1
"1586",124.4198243,6.9422581,"maguindanao",1
"1587",124.2407703,8.2242457,"mahayahay",1
"1588",123.3034062,8.49613,"mindanao",1
"1589",126.1403526,7.554702,"newbataan",1
"1590",121.774017,12.879721,"northcotabatoprov",1
"1591",120.9876321,15.6906831,"nuevaecija",1
"1592",124.562798,7.025527,"paidupulangi",1
"1593",122.5372741,11.3209094,"panayisland",1
"1594",120.583333,6.3,"pangutaran",1
"1595",125.116667,11.85,"paranas",1
"1596",125.6040785,7.072838,"poblacion",1
"1597",124.35,7.966667,"ramain",1
"1598",120.8613785,5.5340204,"siasiisland",1
"1599",124.6192702,6.9076531,"sultansabarongis",1
"1600",122.116667,6.5,"ungkayapukann",1
"1601",120.9830225,14.7010556,"valenzuela",1
"1602",-66.047222,18.440833,"santurce",1
"1603",46.279712,42.953928,"benoyvedeno",1
"1604",44.839596,43.260186,"gaziyurt",1
"1605",37.408013,55.756838,"krylatskoye",1
"1606",32.897137,67.9390715,"muzhichi",1
"1608",47.403611,42.988333,"semender",1
"1609",45.9398131,42.2708621,"shauri",1
"1610",29.5586174,-1.705091,"giciye",1
"1613",21.636111,42.449444,"dobrosin",1
"1616",41.441251,-0.793613,"badhadhe",1
"1617",41.0088944,0.4112971,"dhoobley",1
"1618",47.37,10.618056,"erigavo",1
"1619",47.8575,4.654444,"harardhere",1
"1620",42.7857583,2.808958,"qansaxdheere",1
"1621",29.1027149,-22.6824604,"alldays",1
"1622",27.3021879,-25.6093705,"bophutatswana",1
"1623",27.857517,-26.2838695,"chiawelo",1
"1626",28.226347,-25.8811884,"irene",1
"1627",30.127,-30.775,"izingolweni",1
"1628",32.086585,-28.6038255,"kwambonambi",1
"1629",28.1780919,-31.9549395,"kwazulu",1
"1630",28.106667,-25.788056,"laudium",1
"1632",31.412158,-29.1565066,"mandini",1
"1633",27.90645,-26.25169,"nancefield",1
"1634",27.9117185,-26.22235,"orlando",1
"1635",27.871389,-26.688611,"sharpeville",1
"1636",29.7688889,-23.0083333,"soutpansberg",1
"1637",30.4464797,-22.9761353,"thohoyandouvenda",1
"1638",28.366667,-26.35,"tsakane",1
"1639",14.508056,-22.956111,"walvisbay",1
"1640",27.4556388,-26.3213939,"westrand",1
"1641",-3.0744407,43.3174749,"gallarta",1
"1642",-2.9326625,43.4153991,"gorlizelexalde",1
"1643",-2.7792444,43.1643497,"igorre",1
"1644",-2.5439819,43.3618594,"ispaster",1
"1645",-2.8162719,42.974325,"marquina",1
"1646",-7.863881,42.3357893,"orense",1
"1647",-1.6123283,42.8314377,"villava",1
"1648",81.2119488,8.5939066,"anbuvalipuram",1
"1649",79.8562826,6.886473,"bambalapitiya",1
"1650",80.0003875,6.4345732,"debathgama",1
"1652",80.6132646,5.9376403,"gandara",1
"1653",81.5541579,7.9226008,"kalkudah",1
"1654",80.0479039,9.8052712,"kankesanturai",1
"1655",79.9080757,9.6525626,"kayts",1
"1656",79.8972461,6.9803093,"kelanitissa",1
"1657",81.2554783,6.2904994,"mahindapura",1
"1658",81.7540902,7.4826649,"mandur",1
"1659",80.3547286,8.0527154,"migalawa",1
"1660",80.6493396,9.053435,"nedunkerni",1
"1661",80.1653996,9.8042724,"nelliyadi",1
"1662",81.1885293,8.6927331,"nilaveli",1
"1663",80.1471949,9.678385,"nunavil",1
"1664",80.4799273,8.7355062,"pandarikulam",1
"1665",80.2377078,6.3419553,"pitigala",1
"1666",80.9826718,8.9445522,"pulmoddai",1
"1667",80.0680751,9.7487684,"puttur",1
"1668",81.002363,6.3193642,"suriyawewa",1
"1669",80.0339312,9.7910875,"tellippalai",1
"1670",80.4827074,8.7872932,"thandikulam",1
"1671",81.8524882,7.1153122,"thirukkovil",1
"1672",80.0284725,9.6879258,"thirunelveli",1
"1674",80.8986111,6.4738889,"udawalawe",1
"1675",81.2195241,8.6015618,"uppuveli",1
"1676",80.3,9.7,"vadamarachchi",1
"1677",81.434079,8.1369099,"vakarai",1
"1678",81.5331995,7.9082772,"valachenai",1
"1679",79.9346603,8.8940985,"vankalai",1
"1680",80.6937177,6.1508888,"walasmulla",1
"1681",80.0869282,6.6763331,"walpita",1
"1682",22.45,13.45,"elgeneina",1
"1683",36.546667,33.844167,"maaloula",1
"1684",36.576389,34.511944,"qusayr",1
"1685",36.786667,35.996944,"taftanaz",1
"1687",68.0191948,36.9382678,"kofarnikhon",1
"1688",102.1867379,16.7911823,"johirong",1
"1689",101.0515364,6.4443297,"kabang",1
"1690",100.583889,13.708056,"khlongtoey",1
"1691",101.7637775,6.4936584,"khokkhian",1
"1692",101.8128252,6.3736079,"lamphu",1
"1693",98.8583309,17.7760319,"maelaen",1
"1694",101.2410442,6.6736281,"maelan",1
"1695",98.5746649,16.7124054,"maesut",1
"1696",100.8451467,6.5038266,"sabayoi",1
"1697",101.305833,6.547778,"satengnok",1
"1698",101.7409946,6.306051,"tanyongmat",1
"1699",100.941144,6.8332123,"thepa",1
"1700",101.178725,6.8277284,"tuyong",1
"1702",8.433333,36.45,"ghardimaou",1
"1703",30.495691,39.766446,"aydinlikevler",1
"1704",40.1750879,38.468384,"bukardi",1
"1705",44.085079,37.3739009,"daglica",1
"1706",35.8601632,41.3976912,"dereler",1
"1707",32.8712951,39.978667,"keciorem",1
"1708",40.7244774,37.3211634,"mardinprov",1
"1709",32.2460318,2.2436968,"karumafalls",1
"1711",-7.04621,54.59495,"carrickmore",1
"1712",-6.6659185,54.2940148,"countyarmagh",1
"1713",-8.09033,54.41618,"garrison",1
"1714",-6.8073192,54.2558506,"glassdrummond",1
"1715",-6.36973,54.09059,"jonesborough",1
"1716",-0.234618,51.366835,"killeter",1
"1717",-7.53324,54.3182,"lisbellaw",1
"1718",-2.518727,53.496115,"meigh",1
"1719",-1.696713,53.680122,"milfield",1
"1720",-6.48243,54.95686,"rasharkin",1
"1721",-6.48616,54.22129,"whitecross",1
"1723",-70.729167,7.246667,"guasdilito",1
"1726",31.3709738,31.0528017,"deiralbalah",1
"1737",46.15147,14.4277,"alhawtah",1
"1743",11.3707623,43.4861003,"radda",1
"1744",45.699722,13.355833,"shoqra",1
